<?xml version="1.0" encoding="iso-8859-1"?><!-- (C) Copyright 2005, 2007 SIRI --><siri:Siri xsi:schemaLocation="http://www.siri.org.uk/siri ../../../xsd/NeTEx_siri_SG.xsd" xmlns:siri="http://www.siri.org.uk/siri" xmlns="http://www.netex.org.uk/netex" xmlns:xsi="http://www.w3.org/2001/XMLSchema-instance" version="1.0"> 		<siri:ServiceDelivery>			<!--=======HEADER================================================== -->			<siri:ResponseTimestamp>2004-12-17T09:30:46-05:00</siri:ResponseTimestamp>			<siri:ProducerRef>KUBRICK</siri:ProducerRef>			<siri:Status>true</siri:Status>			<siri:MoreData>false</siri:MoreData>			<!--=======PAYLOAD============================================== -->			<DataObjectDelivery>				<siri:ResponseTimestamp>2004-12-17T09:30:47.0Z</siri:ResponseTimestamp>				<siri:RequestMessageRef>abcdefg</siri:RequestMessageRef>				<siri:Status>true</siri:Status>				<siri:ValidUntil>2001-12-17T09:30:47.0Z</siri:ValidUntil>				<!--- =============== RESULTS =========== -->				<dataObjects>					<CompositeFrame version="1" id="hde:CompositeFrame:CAL_02">						<!--- ======= CODESPACEs======== -->						<codespaces>							<Codespace id="mybus">								<Xmlns>mybus</Xmlns>								<XmlnsUrl>http://www.mybuses.eu/stuff</XmlnsUrl>								<Description>My buses codespace</Description>							</Codespace>							<Codespace id="frtop">								<Xmlns>frtop</Xmlns>								<XmlnsUrl>http://www.topo.fr/</XmlnsUrl>								<Description>Topographic data codespace</Description>							</Codespace>						</codespaces>						<!--- =======FRAME DEFAULTS======== -->						<FrameDefaults>							<DefaultCodespaceRef ref="mybus"/>							<DefaultDataSourceRef ref="mybus:DefaultDataSource1234">EXTERNAL</DefaultDataSourceRef>						</FrameDefaults>						<frames>							<SiteFrame version="any" id="mybus:SiteFrame:StF123">								<stopPlaces>									<!--- =====Stops=========== -->									<StopPlace created="2006-09-11T15:42:00" responsibilitySetRef="mybus:ResponsibilitySetRS_10" id="mybus:SSP_02456A">										<Name lang="fr">Poste, St Jean</Name>										<ShortName lang="fr">Poste </ShortName>										<Centroid>											<Location>												<Longitude>-0.2071397147</Longitude>												<Latitude>51.4217482061</Latitude>											</Location>										</Centroid>										<TopographicPlaceView>											<TopographicPlaceRef ref="frtop:TopographicPlace:TP_0032A">EXTERNAL</TopographicPlaceRef>										</TopographicPlaceView>										<TransportMode>bus</TransportMode>										<StopPlaceType>onstreetBus</StopPlaceType>										<quays>											<Quay created="2010-04-17T09:30:47Z" id="mybus:Quay:Q_SSP_02456A_1">												<Name lang="fr">Poste</Name>												<Description lang="fr">Pres de la Gare 20m a droit .</Description>												<Centroid>													<Location>														<Longitude>-0.207139714</Longitude>														<Latitude>51.4217482061</Latitude>													</Location>												</Centroid>												<RoadAddress version="any" id="mybus:RoadAddress:Rad_SP001A_01">													<RoadName>Rue  de la Gare</RoadName>												</RoadAddress>												<CrossRoad lang="fr">Rue du Chene</CrossRoad>												<Landmark lang="fr">Place Victoire</Landmark>												<Covered>outdoors</Covered>												<Lighting>unlit</Lighting>												<placeEquipments>													<PassengerInformationEquipment id="mybus:PassengerInformationEquipment:mybus:Quay:Q_SSP_02456A_1_E1">														<AccessibilityInfoFacilityList> visualDisplays</AccessibilityInfoFacilityList>													</PassengerInformationEquipment>												</placeEquipments>												<BoardingUse>true</BoardingUse>												<AlightingUse>true</AlightingUse>												<Label lang="fr">A</Label>												<PublicCode>1-3454 </PublicCode>												<CompassOctant>NW</CompassOctant>												<QuayType>busStop</QuayType>											</Quay>										</quays>									</StopPlace>								</stopPlaces>							</SiteFrame>							<ServiceFrame version="any" id="SV01">								<scheduledStopPoints>									<!--- =====SCHEDULED STOP POINT ====== -->									<ScheduledStopPoint version="032" created="2000-12-17T09:30:47.0Z" changed="2002-12-17T09:30:47.0Z" responsibilitySetRef="mybus:ResponsibilitySet:RS_22" id="mybus:ScheduledStopPoint:SSP0042A">										<Name>Poste, St Jean</Name>										<VehicleModes>bus</VehicleModes>										<ForAlighting>true</ForAlighting>										<ForBoarding>true</ForBoarding>									</ScheduledStopPoint>								</scheduledStopPoints>							</ServiceFrame>						</frames>					</CompositeFrame>				</dataObjects>			</DataObjectDelivery>		</siri:ServiceDelivery> </siri:Siri>