<?xml version="1.0" encoding="iso-8859-1"?><siri:Siri xsi:schemaLocation="http://www.siri.org.uk/siri ../../../xsd/NeTEx_siri_SG.xsd" xmlns:siri="http://www.siri.org.uk/siri" xmlns="http://www.netex.org.uk/netex" xmlns:xsi="http://www.w3.org/2001/XMLSchema-instance" version="1.0"> 		<siri:ServiceRequest>			<!--=======GENERAL CONTEXT==================================-->			<siri:ServiceRequestContext>				<siri:RequestTimeout>P1Y2M3DT10H30M</siri:RequestTimeout>				<siri:DeliveryMethod>direct</siri:DeliveryMethod>			</siri:ServiceRequestContext>			<!--======ENDPOINT REFERENCES===================-->			<siri:RequestTimestamp>2004-12-17T09:30:47-05:00</siri:RequestTimestamp>			<siri:RequestorRef>NADER</siri:RequestorRef>			<siri:MessageIdentifier>mymsg122</siri:MessageIdentifier>			<DataObjectRequest>				<siri:RequestTimestamp>2001-12-17T09:30:47.0Z</siri:RequestTimestamp>				<siri:MessageIdentifier>mymsg12201</siri:MessageIdentifier>				<topics>					<NetworkFrameTopic>						<Current/>						<SiteFrameRef ref="abc:SiteFrame:1234">REQUEST</SiteFrameRef>					</NetworkFrameTopic>				</topics>				<Policy>					<Language>en</Language>				</Policy>			</DataObjectRequest>		</siri:ServiceRequest> </siri:Siri>