<!--NeTEx example: UIC locations for Lille area as a SCHEDULED STOP POINTs.

Each LOCATION IS Represented as a SCHEDULED STOP POINT.
   This allows the physical characteristics to be described - e.g.  platforms could be added.

A REOURCE FRAME is used to hold the definitions  of ORGANISATIONs referenced by the Stops
A SERVICE FRAME is used to hold the current set of stops.
A COMPOSITE FRAME IS used for grouping.

-->
<PublicationDelivery xmlns:gml="http://www.opengis.net/gml/3.2" xmlns:siri="http://www.siri.org.uk/siri" xsi:schemaLocation="http://www.netex.org.uk/netex ../../../xsd/NeTEx_publication.xsd" version="1.0" xmlns="http://www.netex.org.uk/netex" xmlns:xsi="http://www.w3.org/2001/XMLSchema-instance">
	<PublicationTimestamp>2009-02-24T16:32:00</PublicationTimestamp>
	<ParticipantRef>TAP</ParticipantRef>
	<dataObjects>
		<CompositeFrame id="tap:CompositeFrame:Cf_01" version="any">
			<!--- ======= CODESPACEs======== -->
			<validityConditions>
				<AvailabilityCondition id="tap:AvailabilityCondition:2009-02-24T1632_CompositeFrame" version="any">
					<FromDate>2009-02-24T00:00:00</FromDate>
				</AvailabilityCondition>
			</validityConditions>
			<codespaces>
				<Codespace id="tap">
					<Xmlns>tap</Xmlns>
					<XmlnsUrl>http://www.era.eu/codes</XmlnsUrl>
					<Description>European Rail Authority</Description>
				</Codespace>
				<Codespace id="uic">
					<Xmlns>uic</Xmlns>
					<XmlnsUrl>http://www.uic.org//</XmlnsUrl>
					<Description>UIC data</Description>
				</Codespace>
			</codespaces>
			<!--- =======FRAME DEFAULTS======== -->
			<FrameDefaults>
				<DefaultCodespaceRef ref="tap"/>
			</FrameDefaults>
			<frames>
				<ResourceFrame id="tap:RessourceFrame:Rf_01" version="any">
					<responsibilitySets>
						<ResponsibilitySet id="tap:ResponsibilitySet:collects:0003" version="any">
							<roles>
								<ResponsibilityRoleAssignment id="tap:ResponsibilityRoleAssignment:collects:0003" version="any">
									<DataRoleType>collects</DataRoleType>
								</ResponsibilityRoleAssignment>
							</roles>
						</ResponsibilitySet>
						<ResponsibilitySet id="tap:ResponsibilitySet:distributes:0003" version="any">
							<roles>
								<ResponsibilityRoleAssignment id="tap:ResponsibilityRoleAssignment:distributes:0003" version="any">
									<DataRoleType>distributes</DataRoleType>
								</ResponsibilityRoleAssignment>
							</roles>
						</ResponsibilitySet>
					</responsibilitySets>
				</ResourceFrame>
				<ServiceFrame responsibilitySetRef="tap:ResponsibilitySet:collects:0003"  id="Sv01" version="any">
					<validityConditions>
						<AvailabilityCondition id="tap:AvailabilityCondition:2009-02-24T1632_ServiceFrame" version="any">
							<FromDate>2009-02-24T00:00:00</FromDate>
						</AvailabilityCondition>
					</validityConditions>
					<scheduledStopPoints>
						<ScheduledStopPoint id="tap:ScheduledStopPoint:008710930" created="2011-08-08T11:10:22.99+02:00" version="any" status="active">
							<validityConditions>
								<AvailabilityCondition id="tap:AvailabilityCondition:1996-06-21/2099-12-31_008710930_ScheduledStopPoint" version="any">
									<FromDate>1996-06-21T00:00:00</FromDate>
									<ToDate>2099-12-31T23:59:59</ToDate>
								</AvailabilityCondition>
							</validityConditions>
							<Name>LILLE CHR</Name>
							<ShortName>LILLE CHR</ShortName>
							<StopType>railStation</StopType>
							<RequestStop>false</RequestStop>
							<TopographicPlaceView>
								<CountryRef ref="fr"/>
							</TopographicPlaceView>
						</ScheduledStopPoint>
						<ScheduledStopPoint id="tap:ScheduledStopPoint:008885720" created="2011-08-08T11:10:22.99+02:00" version="any" status="active">
							<validityConditions>
								<AvailabilityCondition id="tap:AvailabilityCondition:2008-01-17/2099-12-31_008885720_ScheduledStopPoint" version="any">
									<FromDate>2008-01-17T00:00:00</FromDate>
									<ToDate>2099-12-31T23:59:59</ToDate>
								</AvailabilityCondition>
							</validityConditions>
							<Name>LILLE-FLANDRES (B)</Name>
							<ShortName>LILLE-FLANDRES</ShortName>
							<StopType>railStation</StopType>
							<RequestStop>false</RequestStop>
							<TopographicPlaceView>
								<CountryRef ref="be"/>
							</TopographicPlaceView>
						</ScheduledStopPoint>
						<ScheduledStopPoint id="tap:ScheduledStopPoint:008728600" created="2011-08-08T11:10:22.99+02:00" version="any" status="active">
							<validityConditions>
								<AvailabilityCondition id="tap:AvailabilityCondition:1999-06-09/2099-12-31_008728600_ScheduledStopPoint" version="any">
									<FromDate>1999-06-09T00:00:00</FromDate>
									<ToDate>2099-12-31T23:59:59</ToDate>
								</AvailabilityCondition>
							</validityConditions>
							<Name>LILLE FLANDRES</Name>
							<ShortName>LILLE FLANDRES</ShortName>
							<StopType>railStation</StopType>
							<RequestStop>false</RequestStop>
							<TopographicPlaceView>
								<CountryRef ref="fr"/>
							</TopographicPlaceView>
						</ScheduledStopPoint>
						<ScheduledStopPoint id="tap:ScheduledStopPoint:008722326" created="2011-08-08T11:10:22.99+02:00" version="any" status="active">
							<validityConditions>
								<AvailabilityCondition id="tap:AvailabilityCondition:1997-08-23/2099-12-31_008722326_ScheduledStopPoint" version="any">
									<FromDate>1997-08-23T00:00:00</FromDate>
									<ToDate>2099-12-31T23:59:59</ToDate>
								</AvailabilityCondition>
							</validityConditions>
							<Name>LILLE EUROPE</Name>
							<ShortName>LILLE EUROPE</ShortName>
							<StopType>railStation</StopType>
							<RequestStop>false</RequestStop>
							<TopographicPlaceView>
								<CountryRef ref="fr"/>
							</TopographicPlaceView>
						</ScheduledStopPoint>
					</scheduledStopPoints>
				</ServiceFrame>
				<SiteFrame id="tap:SiteFrame:0003" version="any" responsibilitySetRef="tap:ResponsibilitySet:collects:0003">
					<validityConditions>
						<AvailabilityCondition id="tap:AvailabilityCondition:2009-02-24T1632_SiteFrame" version="any">
							<FromDate>2009-02-24T00:00:00</FromDate>
						</AvailabilityCondition>
					</validityConditions>
					<stopPlaces>
						<StopPlace id="tap:StopPlace:008710930" created="2011-08-08T11:10:23.052+02:00" version="any" status="active">
							<validityConditions>
								<AvailabilityCondition id="tap:AvailabilityCondition:1996-06-21/2099-12-31_008710930" version="any">
									<FromDate>1996-06-21T00:00:00</FromDate>
									<ToDate>2099-12-31T23:59:59</ToDate>
								</AvailabilityCondition>
							</validityConditions>
							<Name>LILLE CHR</Name>
							<ShortName>LILLE CHR</ShortName>
							<alternativeNames>
								<AlternativeName>
									<NameType>alias</NameType>
									<Name>LILLE CHR</Name>
								</AlternativeName>
							</alternativeNames>
							<TopographicPlaceView>
								<CountryRef ref="fr"/>
							</TopographicPlaceView>
							<Locale>
								<TimeZoneOffset>1</TimeZoneOffset>
								<TimeZone>CET</TimeZone>
							</Locale>
							<TransportMode>rail</TransportMode>
							<StopPlaceType>railStation</StopPlaceType>
						</StopPlace>
						<StopPlace id="tap:StopPlace:008885720" created="2011-08-08T11:10:23.052+02:00" version="any" status="active">
							<validityConditions>
								<AvailabilityCondition id="tap:AvailabilityCondition:2008-01-17/2099-12-31_008885720" version="any">
									<FromDate>2008-01-17T00:00:00</FromDate>
									<ToDate>2099-12-31T23:59:59</ToDate>
								</AvailabilityCondition>
							</validityConditions>
							<Name>LILLE-FLANDRES (B)</Name>
							<ShortName>LILLE-FLANDRES</ShortName>
							<alternativeNames>
								<AlternativeName>
									<NameType>alias</NameType>
									<Name>LILLE-FLANDRES</Name>
								</AlternativeName>
							</alternativeNames>
							<TopographicPlaceView>
								<CountryRef ref="be"/>
							</TopographicPlaceView>
							<Locale>
								<TimeZoneOffset>1</TimeZoneOffset>
								<TimeZone>CET</TimeZone>
							</Locale>
							<TransportMode>rail</TransportMode>
							<StopPlaceType>railStation</StopPlaceType>
						</StopPlace>
						<StopPlace id="tap:StopPlace:008728600" created="2011-08-08T11:10:23.052+02:00" version="any" status="active">
							<validityConditions>
								<AvailabilityCondition id="tap:AvailabilityCondition:1999-06-09/2099-12-31_008728600" version="any">
									<FromDate>1999-06-09T00:00:00</FromDate>
									<ToDate>2099-12-31T23:59:59</ToDate>
								</AvailabilityCondition>
							</validityConditions>
							<Name>LILLE FLANDRES</Name>
							<ShortName>LILLE FLANDRES</ShortName>
							<alternativeNames>
								<AlternativeName>
									<NameType>alias</NameType>
									<Name>LILLE FLANDRES</Name>
								</AlternativeName>
							</alternativeNames>
							<TopographicPlaceView>
								<CountryRef ref="fr"/>
							</TopographicPlaceView>
							<Locale>
								<TimeZoneOffset>1</TimeZoneOffset>
								<TimeZone>CET</TimeZone>
							</Locale>
							<TransportMode>rail</TransportMode>
							<StopPlaceType>railStation</StopPlaceType>
						</StopPlace>
						<StopPlace id="tap:StopPlace:008722326" created="2011-08-08T11:10:23.052+02:00" version="any" status="active">
							<validityConditions>
								<AvailabilityCondition id="tap:AvailabilityCondition:1997-08-23/2099-12-31_008722326" version="any">
									<FromDate>1997-08-23T00:00:00</FromDate>
									<ToDate>2099-12-31T23:59:59</ToDate>
								</AvailabilityCondition>
							</validityConditions>
							<Name>LILLE EUROPE</Name>
							<ShortName>LILLE EUROPE</ShortName>
							<alternativeNames>
								<AlternativeName>
									<NameType>alias</NameType>
									<Name>LILLE EUROPE</Name>
								</AlternativeName>
							</alternativeNames>
							<TopographicPlaceView>
								<CountryRef ref="fr"/>
							</TopographicPlaceView>
							<Locale>
								<TimeZoneOffset>1</TimeZoneOffset>
								<TimeZone>CET</TimeZone>
							</Locale>
							<TransportMode>rail</TransportMode>
							<OtherTransportModes>metro</OtherTransportModes>
							<StopPlaceType>railStation</StopPlaceType>
						</StopPlace>
					</stopPlaces>
				</SiteFrame>
			</frames>
		</CompositeFrame>
	</dataObjects>
</PublicationDelivery>
