<?xml version="1.0" encoding="UTF-8"?>
<!--NeTEx example: UIC locations for Brussels area for grouping as a tariff zone.

Each LOCATION IS Represented as a SCHEDULED STOP POINT.
   This allows the physical characteristics to be described - e.g.  platforms could be added.

A REOURCE FRAME is used to hold the definitions  of ORGANISATIONs referenced by the Stops
A SERVICE FRAME is used to hold the current set of stops.
A COMPOSITE FRAME IS used for grouping the other frames.

(C) 2011 ERA, CEN.   Created by Stefan Jugelt
-->
<PublicationDelivery xmlns:gml="http://www.opengis.net/gml/3.2" xmlns:siri="http://www.siri.org.uk/siri" xsi:schemaLocation="http://www.netex.org.uk/netex ../../../xsd/NeTEx_publication.xsd" version="1.0" xmlns="http://www.netex.org.uk/netex" xmlns:xsi="http://www.w3.org/2001/XMLSchema-instance">
	<PublicationTimestamp>2009-02-24T16:32:00</PublicationTimestamp>
	<ParticipantRef>TAP</ParticipantRef>
	<dataObjects>
		<CompositeFrame id="tap:CompositeFrame:Cf_01" version="any">
			<validityConditions>
				<AvailabilityCondition id="tap:AvailabilityCondition:2009-02-24T1632_CompositeFrame" version="any">
					<FromDate>2009-02-24T00:00:00</FromDate>
				</AvailabilityCondition>
			</validityConditions>
			<!--- ======= CODESPACEs======== -->
			<codespaces>
				<Codespace id="tap">
					<Xmlns>tap</Xmlns>
					<XmlnsUrl>http://www.era.eu/codes</XmlnsUrl>
					<Description>European Rail Authority</Description>
				</Codespace>
			</codespaces>
			<!--- =======FRAME DEFAULTS======== -->
			<FrameDefaults>
				<DefaultCodespaceRef ref="tap"/>
			</FrameDefaults>
			<frames>
				<ResourceFrame id="tap:RessourceFrame:Rf_01" version="any">
					<responsibilitySets>
						<ResponsibilitySet id="tap:ResponsibilitySet:collects:0003" version="any">
							<roles>
								<ResponsibilityRoleAssignment id="tap:ResponsibilityRoleAssignment:collects:0003" version="any">
									<DataRoleType>collects</DataRoleType>
								</ResponsibilityRoleAssignment>
							</roles>
						</ResponsibilitySet>
						<ResponsibilitySet id="tap:ResponsibilitySet:distributes:0003" version="any">
							<roles>
								<ResponsibilityRoleAssignment id="tap:ResponsibilityRoleAssignment:distributes:0003" version="any">
									<DataRoleType>distributes</DataRoleType>
								</ResponsibilityRoleAssignment>
							</roles>
						</ResponsibilitySet>
					</responsibilitySets>
				</ResourceFrame>
				<ServiceFrame responsibilitySetRef="tap:ResponsibilitySet:collects:0003"  id="Sv01" version="any">
					<validityConditions>
						<AvailabilityCondition id="tap:AvailabilityCondition:2009-02-24T1632_ServiceFrame" version="any">
							<FromDate>2009-02-24T00:00:00</FromDate>
						</AvailabilityCondition>
					</validityConditions>
					<scheduledStopPoints>
						<ScheduledStopPoint id="tap:ScheduledStopPoint:008813086" created="2011-08-08T11:10:23.005+02:00" version="any" status="active">
							<validityConditions>
								<AvailabilityCondition id="tap:AvailabilityCondition:2008-12-10/2099-12-31_008813086_ScheduledStopPoint" version="any">
									<FromDate>2008-12-10T00:00:00</FromDate>
									<ToDate>2099-12-31T23:59:59</ToDate>
								</AvailabilityCondition>
							</validityConditions>
							<Name>BRUXELLES AGGLO/BRUSSEL AGGLO</Name>
							<ShortName>BRUXELLES</ShortName>
							<StopType>railStation</StopType>
							<RequestStop>false</RequestStop>
							<TopographicPlaceView>
								<CountryRef ref="be"/>
							</TopographicPlaceView>
						</ScheduledStopPoint>
						<ScheduledStopPoint id="tap:ScheduledStopPoint:008814002" created="2011-08-08T11:10:23.005+02:00" version="any" status="active">
							<Name>BRUXELLES MIDI EUROSTAR</Name>
							<StopType>railStation</StopType>
							<RequestStop>false</RequestStop>
							<TopographicPlaceView>
								<CountryRef ref="be"/>
							</TopographicPlaceView>
						</ScheduledStopPoint>
						<ScheduledStopPoint id="tap:ScheduledStopPoint:008814001" created="2011-08-08T11:10:23.005+02:00" version="any" status="active">
							<Name>BRUXELLES-MIDI</Name>
							<StopType>railStation</StopType>
							<RequestStop>false</RequestStop>
							<TopographicPlaceView>
								<CountryRef ref="be"/>
							</TopographicPlaceView>
						</ScheduledStopPoint>
						<ScheduledStopPoint id="tap:ScheduledStopPoint:008811916" created="2011-08-08T11:10:23.005+02:00" version="any" status="active">
							<Name>BRUXELLES-SCHUMAN</Name>
							<StopType>railStation</StopType>
							<RequestStop>false</RequestStop>
							<TopographicPlaceView>
								<CountryRef ref="be"/>
							</TopographicPlaceView>
						</ScheduledStopPoint>
						<ScheduledStopPoint id="tap:ScheduledStopPoint:008813003" created="2011-08-08T11:10:23.005+02:00" version="any" status="active">
							<Name>BRUXELLES-CENTRAL</Name>
							<StopType>railStation</StopType>
							<RequestStop>false</RequestStop>
							<TopographicPlaceView>
								<CountryRef ref="be"/>
							</TopographicPlaceView>
						</ScheduledStopPoint>
						<ScheduledStopPoint id="tap:ScheduledStopPoint:008811304" created="2011-08-08T11:10:23.005+02:00" version="any" status="active">
							<Name>BRUXELLES-LUXEMBOURG</Name>
							<StopType>railStation</StopType>
							<RequestStop>false</RequestStop>
							<TopographicPlaceView>
								<CountryRef ref="be"/>
							</TopographicPlaceView>
						</ScheduledStopPoint>
					</scheduledStopPoints>
					<tariffZones>
						<TariffZone id="tap:tariffZone:008813086" version="any">
							<Name>BRUXELLES AGGLO/BRUSSEL AGGLO</Name>
							<ShortName>BRUXELLES AGGLO/BRUSSEL AGGLO</ShortName>
							<members>
								<ScheduledStopPointRef ref="tap:ScheduledStopPoint:008814002"/>
								<ScheduledStopPointRef ref="tap:ScheduledStopPoint:008814001"/>
								<ScheduledStopPointRef ref="tap:ScheduledStopPoint:008811916"/>
								<ScheduledStopPointRef ref="tap:ScheduledStopPoint:008813003"/>
								<ScheduledStopPointRef ref="tap:ScheduledStopPoint:008811304"/>
							</members>
						</TariffZone>
					</tariffZones>
				</ServiceFrame>
				<SiteFrame id="tap:SiteFrame:0003" version="any" responsibilitySetRef="tap:ResponsibilitySet:collects:0003">
					<stopPlaces>
						<StopPlace id="tap:StopPlace:008813086" created="2011-08-08T11:10:23.052+02:00" version="any" status="active">
							<validityConditions>
								<AvailabilityCondition id="tap:AvailabilityCondition:2008-12-10/2099-12-31_008813086" version="any">
									<FromDate>2008-12-10T00:00:00</FromDate>
									<ToDate>2099-12-31T23:59:59</ToDate>
								</AvailabilityCondition>
							</validityConditions>
							<Name>BRUXELLES AGGLO/BRUSSEL AGGLO</Name>
							<ShortName>BRUXELLES</ShortName>
							<TransportMode>rail</TransportMode>
							<tariffZones>
								<TariffZoneRef ref="tap:tariffZone:008813086"/>
							</tariffZones>
							<StopPlaceType>railStation</StopPlaceType>
						</StopPlace>
						<StopPlace id="tap:StopPlace:008814002" created="2011-08-08T11:10:23.052+02:00" version="any" status="active">
							<Name>BRUXELLES MIDI EUROSTAR</Name>
							<TransportMode>rail</TransportMode>
							<tariffZones>
								<TariffZoneRef ref="tap:tariffZone:008813086"/>
							</tariffZones>
							<StopPlaceType>railStation</StopPlaceType>
						</StopPlace>
						<StopPlace id="tap:StopPlace:008814001" created="2011-08-08T11:10:23.052+02:00" version="any" status="active">
							<Name>BRUXELLES-MIDI</Name>
							<TransportMode>rail</TransportMode>
							<tariffZones>
								<TariffZoneRef ref="tap:tariffZone:008813086"/>
							</tariffZones>
							<StopPlaceType>railStation</StopPlaceType>
						</StopPlace>
						<StopPlace id="tap:StopPlace:008811916" created="2011-08-08T11:10:23.052+02:00" version="any" status="active">
							<Name>BRUXELLES-SCHUMAN</Name>
							<TransportMode>rail</TransportMode>
							<tariffZones>
								<TariffZoneRef ref="tap:tariffZone:008813086"/>
							</tariffZones>
							<StopPlaceType>railStation</StopPlaceType>
						</StopPlace>
						<StopPlace id="tap:StopPlace:008813003" created="2011-08-08T11:10:23.052+02:00" version="any" status="active">
							<Name>BRUXELLES-CENTRAL</Name>
							<TransportMode>rail</TransportMode>
							<tariffZones>
								<TariffZoneRef ref="tap:tariffZone:008813086"/>
							</tariffZones>
							<StopPlaceType>railStation</StopPlaceType>
						</StopPlace>
						<StopPlace id="tap:StopPlace:008811304" created="2011-08-08T11:10:23.052+02:00" version="any" status="active">
							<Name>BRUXELLES-LUXEMBOURG</Name>
							<TransportMode>rail</TransportMode>
							<tariffZones>
								<TariffZoneRef ref="tap:tariffZone:008813086"/>
							</tariffZones>
							<StopPlaceType>railStation</StopPlaceType>
						</StopPlace>
					</stopPlaces>
				</SiteFrame>
			</frames>
		</CompositeFrame>
	</dataObjects>
</PublicationDelivery>
