<?xml version="1.0" encoding="iso-8859-1"?>
<!-- ==== SImple POI Example ====== 
This Example provides a simple example of a POINT OF INTEREST coded using th NeTEx schema

Overview
     The Statdium has two external entrances and two internal levels

======================
Details
The example  comprises

  1, POINT OF INTEREST
       (i)  A POINT OF INTEREST : tbd:PointOfInterest:POI_23  : - Frampton FC football stadium

        The  POINT OF INTEREST  has two LEVELs
				tbd:Level:POI_23_Lvl_01_lower  Street level
				tbd:Level:POI_23_Lvl_02_upper  

        The  POINT OF INTEREST   has two external  ENTRANCEs
				tbd:PointOfInterestEntrance:POI_23_A-E1
				tbd:PointOfInterestEntrance:POI_23_B-E1

	There are CHECK CONSTRAINTs indicating the dealy to enter at busy times.

        The  POINT OF INTEREST   has six internal POINT OF INTEREST SPACES
				 tbd:PointOfInterestSpace:POI_23_A1   Entrance Hall  A
				tbd:PointOfInterestSpace:POI_23_A2	Lower Terrace A
				tbd:PointOfInterestSpace:POI_23_A3	Upper Terrace A
		 tbd:PointOfInterestSpace:POI_23_B1   Entrance Hall  B
				 tbd:PointOfInterestSpace:POI_23_B1   Entrance Hall  A
				tbd:PointOfInterestSpace:POI_23_B2	Lower Terrace B
				tbd:PointOfInterestSpace:POI_23_B3	Upper Terrace B

 The  POINT OF INTEREST   has two internal PATH JUNCTIONS
				 tbd:PathJunction:POI_23_A1-J1   Branch point in Entrance Hall  A
				tbd:PathJunction:POI_23_B1-J1   Branch point in Entrance Hall  B

    There are four NAVIGATION PATHS
			 tbd:NavigationPath:POI_23_N1_A1-E1_to_A2 :  From entrance A to lower terrace A2 
			        1.  tbd:PointOfInterestEntrance:POI_23_A-E1 	 Entrance A 				==> tbd:SitePathLink:POI_23_pl_A1-E1_to_A1-J1
					 2. tbd:PathJunction:POI_23_A1-J1   Branch point in Entrance Hall  A ==> tbd:SitePathLink:POI_23_pl_A1-J1_to_A2
					 3. tbd:PointOfInterestSpace:POI_23_A2	Lower Terrace B
			 tbd:NavigationPath:POI_23_N1_A1-E1_to_A3 :  From entrance A to lower terrace A3 	
					1.  tbd:PointOfInterestEntrance:POI_23_A-E1 	 Entrance A 				==> tbd:SitePathLink:POI_23_pl_A1-E1_to_A1-J1
					 2. tbd:PathJunction:POI_23_A1-J1   Branch point in Entrance Hall  A ==> tbd:SitePathLink:POI_23_pl_A1-J1_to_A3
					 3. tbd:PointOfInterestSpace:POI_23_A3	Upper Terrace B
 			tbd:NavigationPath:POI_23_N1_B1-E1_to_B2 :  From entrance B to lower terrace B2 
					 1.  tbd:PointOfInterestEntrance:POI_23_A-E1 	 Entrance A 				==> tbd:SitePathLink:POI_23_pl_A1-E1_to_A1-J1
					 2. tbd:PathJunction:POI_23_A1-J1   Branch point in Entrance Hall  A ==> tbd:SitePathLink:POI_23_pl_A1-J1_to_A2
					 3. tbd:PointOfInterestSpace:POI_23_A2	Lower Terrace B
			tbd:NavigationPath:POI_23_N1_B1-E1_to_B3 :  From entrance B to lower terrace B2 
					1.  tbd:PointOfInterestEntrance:POI_23_A-E1 	 Entrance A 				==> tbd:SitePathLink:POI_23_pl_A1-E1_to_A1-J1
					 2. tbd:PathJunction:POI_23_A1-J1   Branch point in Entrance Hall  A ==> tbd:SitePathLink:POI_23_pl_A1-J1_to_A3
					 3. tbd:PointOfInterestSpace:POI_23_A3	Upper Terrace B
 
  2. Related places

    A single TOPOGRAPHIC PLACE is defined - normally this would be referenced externally 
    frtop:TopographicPlace: TP_0032A   Town containing POINT OF INTEREST.

	Two different A single  RESPONSIBILITY SETs are used

   There is a nearby STOP PLACE

   There is an ACCESS link to the stop place

 (These do not have to be declared in this file but are included in this example  for clarity)
      tbd::LRS_01  -  POI data
     nptg:GZ_01      - Topographic data


 The elements are contained in a SITE FRAME.

(C) CEN Copyright 2010, 2011
-->
<PublicationDelivery version="1.0" xsi:schemaLocation="http://www.netex.org.uk/netex ../../../xsd/NeTEx_publication.xsd" xmlns="http://www.netex.org.uk/netex" xmlns:siri="http://www.siri.org.uk/siri" xmlns:xsi="http://www.w3.org/2001/XMLSchema-instance">
	<PublicationTimestamp>2001-12-17T09:30:47.0Z</PublicationTimestamp>
	<ParticipantRef>SYS001</ParticipantRef>
	<!--- ======WHAT WAS REQUESTED ========== -->
	<PublicationRequest version="1.0">
		<RequestTimestamp>2001-12-17T09:30:47.0Z</RequestTimestamp>
		<ParticipantRef>SYS002</ParticipantRef>
	</PublicationRequest>
	<PublicationRefreshInterval>PT5M0S</PublicationRefreshInterval>
	<!--- =============== RESULTS =========== -->
	<dataObjects>
		<SiteFrame version="any" id="nptg:SiteFrame:SF01">
			<validityConditions>
				<AvailabilityCondition version="any" id="nptg:AvailabilityCondition:SF01">
					<FromDate>2012-07-26T00:00:00Z</FromDate>
					<ToDate>2012-08-12T00:00:00Z</ToDate>
				</AvailabilityCondition>
			</validityConditions>
			<!-- ==  CODESPACEs = -->
			<codespaces>
				<Codespace id="napt">
					<Xmlns>napt</Xmlns>
					<XmlnsUrl>http://www.naptan.org.uk/naptan</XmlnsUrl>
					<Description>UK NaPTAN Stop Place codes</Description>
				</Codespace>
				<Codespace id="nptg">
					<Xmlns>nptg</Xmlns>
					<XmlnsUrl>http://www.naptan.org.uk/naptan</XmlnsUrl>
					<Description>NPTG TopographicPlace &amp;  Admin codes </Description>
				</Codespace>
				<Codespace id="tbd">
					<Xmlns>tbd</Xmlns>
					<XmlnsUrl>http://www.intdata.co.uk/data</XmlnsUrl>
					<Description>Other interchange DATA SOURCE </Description>
				</Codespace>
			</codespaces>
			<!--- =======FRAME DEFAULTS======== -->
			<FrameDefaults>
				<DefaultCodespaceRef ref="tbd"/>
			</FrameDefaults>
			<!--- =====Places========= -->
			<topographicPlaces>
				<TopographicPlace version="any" responsibilitySetRef="nptg:ResponsibilitySet:GZ_01" id="nptg:TopographicPlace:TP_0032A">
					<Name>Frampton</Name>
					<Descriptor>
						<Name>Frampton</Name>
					</Descriptor>
				</TopographicPlace>
			</topographicPlaces>
			<pointsOfInterest>
				<!--- =====POINT OF INTEREST=========== -->
				<PointOfInterest version="any" responsibilitySetRef="tbd:ResponsibilitySet:LRS_01" id="tbd:PointOfInterest:POI_23">
					<Name>Frampton Football Stadium</Name>
					<ShortName>Frampton FC</ShortName>
					<Description>Frampton FC Football Stadium</Description>
					<Centroid>
						<Location>
							<Longitude>-180</Longitude>
							<Latitude>-90</Latitude>
							<Altitude>-1000</Altitude>
						</Location>
					</Centroid>
					<Image>http://www.amy.com/stad.gif</Image>
					<PostalAddress version="any" id="tbd:PostalAddress:POI_23">
						<BuildingName>The Stadium</BuildingName>
						<AddressLine1>23 Foo St</AddressLine1>
						<Town>Frampton</Town>
						<PostCode>FGR 1JS</PostCode>
					</PostalAddress>
					<AccessibilityAssessment version="any" id="tbd:AccessibilityAssessment:POI_23">
						<MobilityImpairedAccess>true</MobilityImpairedAccess>
						<limitations>
							<AccessibilityLimitation id="tbd:AccessibilityLimitation:POI_23">
								<WheelchairAccess>true</WheelchairAccess>
								<StepFreeAccess>true</StepFreeAccess>
								<EscalatorFreeAccess>true</EscalatorFreeAccess>
								<LiftFreeAccess>true</LiftFreeAccess>
							</AccessibilityLimitation>
						</limitations>
					</AccessibilityAssessment>
					<AccessModes>foot</AccessModes>
					<CrossRoad>Foo St</CrossRoad>
					<PublicUse>all</PublicUse>
					<Covered>indoors</Covered>
					<Gated>gatedArea</Gated>
					<Lighting>wellLit</Lighting>
					<TopographicPlaceView>
						<TopographicPlaceRef version="any" ref="nptg:TopographicPlace:TP_0032A"/>
					</TopographicPlaceView>
					<levels>
						<Level version="any" id="tbd:Level:POI_23_Lvl_01_lower">
							<Name>Ground</Name>
							<ShortName>Ground</ShortName>
							<PublicCode>G</PublicCode>
						</Level>
						<Level version="any" id="tbd:Level:POI_23_Lvl_02_upper">
							<Name>Upper Terrace</Name>
							<ShortName>Upper</ShortName>
							<PublicCode>T1</PublicCode>
						</Level>
					</levels>
					<entrances>
						<PointOfInterestEntrance version="any" id="tbd:PointOfInterestEntrance:POI_23_A1-E1">
							<Name>Foo St Entrance A</Name>
							<Description>Entrance A </Description>
							<Centroid>
								<Location>
									<Longitude>-180</Longitude>
									<Latitude>-90</Latitude>
									<Altitude>-1000</Altitude>
								</Location>
							</Centroid>
							<ParentZoneRef version="any" ref="tbd:PointOfInterest:POI_23"/>
							<AccessibilityAssessment version="any" id="tbd:AccessibilityAssessment:POI_23_A1-E1">
								<MobilityImpairedAccess>false</MobilityImpairedAccess>
								<limitations>
									<AccessibilityLimitation id="tbd:AccessibilityLimitation:POI_23_A1-E1">
										<WheelchairAccess>unknown</WheelchairAccess>
										<StepFreeAccess>false</StepFreeAccess>
										<EscalatorFreeAccess>unknown</EscalatorFreeAccess>
										<LiftFreeAccess>true</LiftFreeAccess>
									</AccessibilityLimitation>
								</limitations>
								<suitabilities>
									<Suitability id="tbd:Suitability:POI_23_A1-E1_Suit1">
										<MobilityNeed>motorizedWheelchair</MobilityNeed>
										<Suitable>notSuitable</Suitable>
									</Suitability>
								</suitabilities>
							</AccessibilityAssessment>
							<PublicUse>all</PublicUse>
							<SiteRef version="any" xsi:type="PointOfInterestRefStructure" ref="tbd:PointOfInterest:POI_23"/>
							<LevelRef version="any" ref="tbd:Level:POI_23_Lvl_01_lower"/>
							<checkConstraints>
								<CheckConstraint version="any" id="tbd:CheckConstraint:POI_23_A1-E1_C1" order="1">
									<CheckDirection>forwards</CheckDirection>
									<CheckProcess>securityCheck</CheckProcess>
									<AccessFeatureType>confinedSpace</AccessFeatureType>
									<Congestion>queue</Congestion>
									<delays>
										<CheckConstraintDelay version="any" id="tbd:CheckConstraintDelay:POI_23_A1-E1_C1 " order="1">
											<MinimumLikelyDelay>PT5M</MinimumLikelyDelay>
											<AverageDelay>PT10M</AverageDelay>
											<MaximumLikelyDelay>PT30M</MaximumLikelyDelay>
										</CheckConstraintDelay>
									</delays>
								</CheckConstraint>
							</checkConstraints>
							<equipmentPlaces>
								<EquipmentPlace version="any" id="tbd:EquipmentPlace:POI_23_A1-E1_Eq1plcs">
									<Name>Validator locator</Name>
									<Description>normalizedString</Description>
									<equipmentPositions>
										<EquipmentPosition version="any" id="tbd:EquipmentPosition:POI_23_A1-E1_Eq1pos">
											<EquipmentRef version="any" ref="tbd:TicketValidatorEquipment:POI_23_A1-E1_Eq2"/>
											<Location>
												<Longitude>-180</Longitude>
												<Latitude>-90</Latitude>
												<Altitude>-1000</Altitude>
												<Precision>0.0</Precision>
											</Location>
											<XOffset>50</XOffset>
											<YOffset>10.0</YOffset>
										</EquipmentPosition>
									</equipmentPositions>
									<placeEquipments>
										<TicketValidatorEquipment version="any" id="tbd:TicketValidatorEquipment:POI_23_A1-E1_Eq2">
											<Name>Ticket validator</Name>
											<TypeOfEquipmentRef ref="tvd:eq01">validator</TypeOfEquipmentRef>
											<TicketValidatorType>paperStamp</TicketValidatorType>
										</TicketValidatorEquipment>
									</placeEquipments>
								</EquipmentPlace>
							</equipmentPlaces>
							<placeEquipments>
								<EntranceEquipment version="any" id="tbd:EntranceEquipment:POI_23_A1-E1_Eq2">
									<Name>gates</Name>
									<DirectionOfUse>both</DirectionOfUse>
									<NumberOfGates>10</NumberOfGates>
								</EntranceEquipment>
							</placeEquipments>
							<Label>A</Label>
							<EntranceType>swingDoor</EntranceType>
							<IsExternal>true</IsExternal>
							<IsEntry>true</IsEntry>
							<IsExit>true</IsExit>
							<Width>2</Width>
							<Height>2</Height>
						</PointOfInterestEntrance>
						<PointOfInterestEntrance version="any" id="tbd:PointOfInterestEntrance:POI_23_B1-E1">
							<Name>Foo St Entrance B</Name>
							<Description>Entrance B</Description>
							<Centroid>
								<Location>
									<Longitude>-180</Longitude>
									<Latitude>-90</Latitude>
									<Altitude>-1000</Altitude>
								</Location>
							</Centroid>
							<ParentZoneRef version="any" ref="tbd:PointOfInterest:POI_23"/>
							<AccessibilityAssessment version="any" id="tbd:AccessibilityAssessment:POI_23_B1-E1">
								<MobilityImpairedAccess>true</MobilityImpairedAccess>
								<limitations>
									<AccessibilityLimitation id="tbd:AccessibilityLimitation:POI_23_B1-E1">
										<WheelchairAccess>unknown</WheelchairAccess>
										<StepFreeAccess>false</StepFreeAccess>
										<EscalatorFreeAccess>unknown</EscalatorFreeAccess>
										<LiftFreeAccess>false</LiftFreeAccess>
									</AccessibilityLimitation>
								</limitations>
								<suitabilities>
									<Suitability id="tbd:Suitability:POI_23_A1-E1_Suit2">
										<MobilityNeed>motorizedWheelchair</MobilityNeed>
										<Suitable>notSuitable</Suitable>
									</Suitability>
								</suitabilities>
							</AccessibilityAssessment>
							<PublicUse>all</PublicUse>
							<SiteRef version="any" xsi:type="PointOfInterestRefStructure" ref="tbd:PointOfInterest:POI_23"/>
							<LevelRef version="any" ref="tbd:Level:POI_23_Lvl_01_lower"/>
							<checkConstraints>
								<CheckConstraint version="any" id="tbd:CheckConstraint:POI_23_A1_E2_C1" order="1">
									<CheckDirection>forwards</CheckDirection>
									<CheckProcess>securityCheck</CheckProcess>
									<AccessFeatureType>confinedSpace</AccessFeatureType>
									<Congestion>queue</Congestion>
									<delays>
										<CheckConstraintDelay version="any" id="tbd:CheckConstraintDelay:POI_23_A1_E2_C1_D1" order="1">
											<MinimumLikelyDelay>PT10M</MinimumLikelyDelay>
											<AverageDelay>PT12M</AverageDelay>
											<MaximumLikelyDelay>PT30M</MaximumLikelyDelay>
										</CheckConstraintDelay>
									</delays>
								</CheckConstraint>
							</checkConstraints>
							<equipmentPlaces>
								<EquipmentPlace version="any" id="tbd:EquipmentPlace:POI_23_A1-E1_Eq1plcsVLD">
									<Name>Validator locator</Name>
									<Description>normalizedString</Description>
									<equipmentPositions>
										<EquipmentPosition version="any" id="tbd:EquipmentPosition:POI_23_A1-E1_Eq1pos _2">
											<EquipmentRef version="any" ref="tbd:TicketValidatorEquipment:POI_23_A1-E1_Eq1"/>
											<Location>
												<Longitude>-180</Longitude>
												<Latitude>-90</Latitude>
												<Altitude>-1000</Altitude>
												<Precision>0.0</Precision>
											</Location>
											<XOffset>50</XOffset>
											<YOffset>10.0</YOffset>
										</EquipmentPosition>
									</equipmentPositions>
									<placeEquipments>
										<TicketValidatorEquipment version="any" id="tbd:TicketValidatorEquipment:POI_23_A1-E1_Eq1">
											<Name>Ticket validator</Name>
											<TypeOfEquipmentRef ref="">validator</TypeOfEquipmentRef>
											<TicketValidatorType>paperStamp</TicketValidatorType>
										</TicketValidatorEquipment>
									</placeEquipments>
								</EquipmentPlace>
							</equipmentPlaces>
							<placeEquipments>
								<EntranceEquipment version="any" id="tbd:EntranceEquipment:POI_23_A1-E1_Eq2b">
									<Name>gates</Name>
									<DirectionOfUse>both</DirectionOfUse>
									<NumberOfGates>10</NumberOfGates>
								</EntranceEquipment>
							</placeEquipments>
							<localServices>
								<AssistanceService version="any" id="tbd:AssistanceService:POI_23_A1-E1_Eq3">
									<Name>Assistance available</Name>
								</AssistanceService>
							</localServices>
							<Label>A</Label>
							<EntranceType>swingDoor</EntranceType>
							<IsExternal>true</IsExternal>
							<IsEntry>true</IsEntry>
							<IsExit>true</IsExit>
							<Width>2</Width>
							<Height>2</Height>
						</PointOfInterestEntrance>
					</entrances>
					<classifications>
						<PointOfInterestClassificationRef ref="tbd:PointOfInterestClassificationRef:Class_476">EXTERNAL</PointOfInterestClassificationRef>
					</classifications>
					<spaces>
						<PointOfInterestSpace version="any" id="tbd:PointOfInterestSpace:POI_23_A1">
							<Name>Main concourse for Gate A</Name>
							<Centroid>
								<Location>
									<Longitude>-180</Longitude>
									<Latitude>-90</Latitude>
									<Altitude>-1000</Altitude>
									<Precision>0.0</Precision>
								</Location>
							</Centroid>
							<ParentZoneRef version="any" ref="tbd:PointOfInterest:POI_23"/>
							<AccessibilityAssessment version="any" id="tbd:AccessibilityAssessment:POI_23_A1">
								<MobilityImpairedAccess>true</MobilityImpairedAccess>
								<limitations>
									<AccessibilityLimitation id="tbd:AccessibilityLimitation:POI_23_A1">
										<WheelchairAccess>true</WheelchairAccess>
										<StepFreeAccess>true</StepFreeAccess>
										<EscalatorFreeAccess>true</EscalatorFreeAccess>
										<LiftFreeAccess>true</LiftFreeAccess>
									</AccessibilityLimitation>
								</limitations>
							</AccessibilityAssessment>
							<PublicUse>all</PublicUse>
							<Covered>covered</Covered>
							<Gated>gatedArea</Gated>
							<Lighting>wellLit</Lighting>
							<SiteRef version="any" xsi:type="PointOfInterestRefStructure" ref="tbd:PointOfInterest:POI_23"/>
							<LevelRef version="any" ref="tbd:Level:POI_23_Lvl_01_lower"/>
						</PointOfInterestSpace>
						<PointOfInterestSpace version="any" id="tbd:PointOfInterestSpace:POI_23_A2">
							<Name>Lower Terrace A </Name>
							<Centroid>
								<Location>
									<Longitude>-180</Longitude>
									<Latitude>-90</Latitude>
									<Altitude>-1000</Altitude>
									<Precision>0.0</Precision>
								</Location>
							</Centroid>
							<ParentZoneRef version="any" ref="tbd:PointOfInterest:POI_23"/>
							<AccessibilityAssessment version="any" id="tbd:AccessibilityAssessment:POI_23_A2">
								<MobilityImpairedAccess>true</MobilityImpairedAccess>
								<limitations>
									<AccessibilityLimitation id="tbd:AccessibilityLimitation:POI_23_A2">
										<WheelchairAccess>true</WheelchairAccess>
										<StepFreeAccess>true</StepFreeAccess>
										<EscalatorFreeAccess>true</EscalatorFreeAccess>
										<LiftFreeAccess>true</LiftFreeAccess>
									</AccessibilityLimitation>
								</limitations>
							</AccessibilityAssessment>
							<PublicUse>all</PublicUse>
							<Covered>covered</Covered>
							<Gated>gatedArea</Gated>
							<Lighting>wellLit</Lighting>
							<SiteRef version="any" xsi:type="PointOfInterestRefStructure" ref="tbd:PointOfInterest:POI_23"/>
							<LevelRef version="any" ref="tbd:Level:POI_23_Lvl_01_lower"/>
						</PointOfInterestSpace>
						<PointOfInterestSpace version="any" id="tbd:PointOfInterestSpace:POI_23_A3">
							<Name>Upper Terrace A </Name>
							<Centroid>
								<Location>
									<Longitude>-180</Longitude>
									<Latitude>-90</Latitude>
									<Altitude>-1000</Altitude>
									<Precision>0.0</Precision>
								</Location>
							</Centroid>
							<ParentZoneRef version="any" ref="tbd:PointOfInterest:POI_23"/>
							<AccessibilityAssessment version="any" id="tbd:AccessibilityAssessment:POI_23_A3">
								<MobilityImpairedAccess>false</MobilityImpairedAccess>
								<limitations>
									<AccessibilityLimitation id="tbd:AccessibilityLimitation:POI_23_A3">
										<WheelchairAccess>false</WheelchairAccess>
										<StepFreeAccess>false</StepFreeAccess>
										<EscalatorFreeAccess>true</EscalatorFreeAccess>
										<LiftFreeAccess>true</LiftFreeAccess>
									</AccessibilityLimitation>
								</limitations>
							</AccessibilityAssessment>
							<PublicUse>all</PublicUse>
							<Covered>covered</Covered>
							<Gated>gatedArea</Gated>
							<Lighting>wellLit</Lighting>
							<SiteRef version="any" xsi:type="PointOfInterestRefStructure" ref="tbd:PointOfInterest:POI_23"/>
							<LevelRef version="any" ref="tbd:Level:POI_23_Lvl_02_upper"/>
						</PointOfInterestSpace>
						<PointOfInterestSpace version="any" id="tbd:PointOfInterestSpace:POI_23_B1">
							<Name>Main concourse for Gate B</Name>
							<Centroid>
								<Location>
									<Longitude>-180</Longitude>
									<Latitude>-90</Latitude>
									<Altitude>-1000</Altitude>
									<Precision>0.0</Precision>
								</Location>
							</Centroid>
							<ParentZoneRef version="any" ref="tbd:PointOfInterest:POI_23"/>
							<AccessibilityAssessment version="any" id="tbd:AccessibilityAssessment:POI_23_B1">
								<MobilityImpairedAccess>true</MobilityImpairedAccess>
								<limitations>
									<AccessibilityLimitation id="tbd:AccessibilityLimitation:POI_23_B1">
										<WheelchairAccess>true</WheelchairAccess>
										<StepFreeAccess>true</StepFreeAccess>
										<EscalatorFreeAccess>true</EscalatorFreeAccess>
										<LiftFreeAccess>true</LiftFreeAccess>
									</AccessibilityLimitation>
								</limitations>
							</AccessibilityAssessment>
							<PublicUse>all</PublicUse>
							<Covered>covered</Covered>
							<Gated>gatedArea</Gated>
							<Lighting>wellLit</Lighting>
							<SiteRef version="any" xsi:type="PointOfInterestRefStructure" ref="tbd:PointOfInterest:POI_23"/>
							<LevelRef version="any" ref="tbd:Level:POI_23_Lvl_01_lower"/>
						</PointOfInterestSpace>
						<PointOfInterestSpace version="any" id="tbd:PointOfInterestSpace:POI_23_B2">
							<Name>Main concourse for Gate B</Name>
							<Centroid>
								<Location>
									<Longitude>-180</Longitude>
									<Latitude>-90</Latitude>
									<Altitude>-1000</Altitude>
									<Precision>0.0</Precision>
								</Location>
							</Centroid>
							<ParentZoneRef version="any" ref="tbd:PointOfInterest:POI_23"/>
							<AccessibilityAssessment version="any" id="tbd:AccessibilityAssessment:POI_23_B2">
								<MobilityImpairedAccess>true</MobilityImpairedAccess>
								<limitations>
									<AccessibilityLimitation id="tbd:AccessibilityLimitation:POI_23_A1-E1g_lim1">
										<WheelchairAccess>unknown</WheelchairAccess>
										<StepFreeAccess>unknown</StepFreeAccess>
										<EscalatorFreeAccess>unknown</EscalatorFreeAccess>
										<LiftFreeAccess>true</LiftFreeAccess>
									</AccessibilityLimitation>
								</limitations>
							</AccessibilityAssessment>
							<PublicUse>all</PublicUse>
							<Covered>covered</Covered>
							<Gated>gatedArea</Gated>
							<Lighting>wellLit</Lighting>
							<SiteRef version="any" xsi:type="PointOfInterestRefStructure" ref="tbd:PointOfInterest:POI_23"/>
							<LevelRef version="any" ref="tbd:Level:POI_23_Lvl_01_lower"/>
						</PointOfInterestSpace>
						<PointOfInterestSpace version="any" id="tbd:PointOfInterestSpace:POI_23_B3">
							<Name>Lower Terrace B</Name>
							<Centroid>
								<Location>
									<Longitude>-180</Longitude>
									<Latitude>-90</Latitude>
								</Location>
							</Centroid>
							<ParentZoneRef version="any" ref="tbd:PointOfInterest:POI_23"/>
							<AccessibilityAssessment version="any" id="tbd:AccessibilityAssessment:POI_23_B3">
								<MobilityImpairedAccess>true</MobilityImpairedAccess>
								<limitations>
									<AccessibilityLimitation id="tbd:AccessibilityLimitation:POI_23_B3">
										<WheelchairAccess>true</WheelchairAccess>
										<StepFreeAccess>true</StepFreeAccess>
										<EscalatorFreeAccess>true</EscalatorFreeAccess>
										<LiftFreeAccess>true</LiftFreeAccess>
									</AccessibilityLimitation>
								</limitations>
							</AccessibilityAssessment>
							<PublicUse>all</PublicUse>
							<Covered>covered</Covered>
							<Gated>gatedArea</Gated>
							<Lighting>wellLit</Lighting>
							<SiteRef version="any" xsi:type="PointOfInterestRefStructure" ref="tbd:PointOfInterest:POI_23"/>
							<LevelRef version="any" ref="tbd:Level:POI_23_Lvl_02_upper"/>
						</PointOfInterestSpace>
					</spaces>
					<pathLinks>
						<SitePathLink version="any" id="tbd:SitePathLink:POI_23_pl_A1-E1_to_A1-J1">
							<Name>From entrance A to main concourse J1</Name>
							<Distance>20</Distance>
							<From>
								<PlaceRef version="any" xsi:type="PointOfInterestRefStructure" ref="tbd:PointOfInterest:POI_23"/>
								<LevelRef version="any" ref="tbd:Level:POI_23_Lvl_01_lower"/>
								<EntranceRef version="any" ref="tbd:PointOfInterestEntrance:POI_23_A1-E1"/>
							</From>
							<To>
								<!--- JUNCTION IS NOT A PLACE !! -->
								<PlaceRef version="any" ref="tbd:PathJunction:POI_23_A1-J1"/>
								<LevelRef version="any" ref="tbd:Level:POI_23_Lvl_01_lower"/>
							</To>
							<AccessibilityAssessment version="any" id="tbd:AccessibilityAssessment:POI_23_pl_A1-E1_to_A1-J1">
								<MobilityImpairedAccess>true</MobilityImpairedAccess>
								<limitations>
									<AccessibilityLimitation id="tbd:AccessibilityLimitation:POI_23_pl_A1-E1_to_A1-J1">
										<WheelchairAccess>true</WheelchairAccess>
										<StepFreeAccess>true</StepFreeAccess>
										<EscalatorFreeAccess>unknown</EscalatorFreeAccess>
										<LiftFreeAccess>true</LiftFreeAccess>
									</AccessibilityLimitation>
								</limitations>
							</AccessibilityAssessment>
							<PublicUse>all</PublicUse>
							<Covered>indoors</Covered>
							<Towards>Lower terrace</Towards>
							<NumberOfSteps>1</NumberOfSteps>
							<AllowedUse>twoWay</AllowedUse>
							<Transition>level</Transition>
							<AccessFeatureType>barrier</AccessFeatureType>
							<MaximumFlowPerMinute>1</MaximumFlowPerMinute>
							<TransferDuration>
								<DefaultDuration>PT1M</DefaultDuration>
								<MobilityRestrictedTravellerDuration>PT5M</MobilityRestrictedTravellerDuration>
							</TransferDuration>
							<SiteRef version="any" xsi:type="PointOfInterestRefStructure" ref="tbd:PointOfInterest:POI_23"/>
							<LevelRef version="any" ref="tbd:Level:POI_23_Lvl_01_lower"/>
						</SitePathLink>
						<SitePathLink version="any" id="tbd:SitePathLink:POI_23_pl_A1-J1_to_A2">
							<Name>from concourse J1 to lower terrace </Name>
							<Distance>20</Distance>
							<From>
								<PlaceRef version="any" ref="tbd:PathJunction:POI_23_A1-J1"/>
								<LevelRef version="any" ref="tbd:Level:POI_23_Lvl_01_lower"/>
							</From>
							<To>
								<PlaceRef version="any" xsi:type="PointOfInterestSpaceRefStructure" ref="tbd:PointOfInterestSpace:POI_23_A2"/>
								<LevelRef version="any" ref="tbd:Level:POI_23_Lvl_01_lower"/>
							</To>
							<AccessibilityAssessment version="any" id="tbd:AccessibilityAssessment:POI_23_pl_A1-J1_to_A2">
								<MobilityImpairedAccess>true</MobilityImpairedAccess>
								<limitations>
									<AccessibilityLimitation id="tbd:AccessibilityLimitation:POI_23_pl_A1-J1_to_A2">
										<WheelchairAccess>true</WheelchairAccess>
										<StepFreeAccess>true</StepFreeAccess>
										<EscalatorFreeAccess>unknown</EscalatorFreeAccess>
										<LiftFreeAccess>true</LiftFreeAccess>
									</AccessibilityLimitation>
								</limitations>
							</AccessibilityAssessment>
							<PublicUse>all</PublicUse>
							<Covered>indoors</Covered>
							<Towards>along</Towards>
							<NumberOfSteps>1</NumberOfSteps>
							<AllowedUse>twoWay</AllowedUse>
							<Transition>level</Transition>
							<AccessFeatureType>concourse</AccessFeatureType>
							<MaximumFlowPerMinute>1</MaximumFlowPerMinute>
							<TransferDuration>
								<DefaultDuration>PT1M</DefaultDuration>
								<MobilityRestrictedTravellerDuration>PT5M</MobilityRestrictedTravellerDuration>
							</TransferDuration>
							<SiteRef version="any" xsi:type="PointOfInterestRefStructure" ref="tbd:PointOfInterest:POI_23"/>
							<LevelRef version="any" ref="tbd:Level:POI_23_Lvl_01_lower"/>
						</SitePathLink>
						<SitePathLink version="any" id="tbd:SitePathLink:POI_23_pl_A1-J1_to_A3">
							<Name>from entrance concourse J1 to upper terrace A</Name>
							<Distance>20</Distance>
							<From>
								<PlaceRef version="any" ref="tbd:PathJunction:POI_23_A1-J1"/>
								<LevelRef version="any" ref="tbd:Level:POI_23_Lvl_01_lower"/>
							</From>
							<To>
								<PlaceRef version="any" xsi:type="PointOfInterestSpaceRefStructure" ref="tbd:PointOfInterestSpace:POI_23_A3"/>
								<LevelRef version="any" ref="tbd:Level:POI_23_Lvl_02_upper"/>
							</To>
							<AccessibilityAssessment version="any" id="tbd:AccessibilityAssessment:POI_23_pl_A1-J1_to_A3">
								<MobilityImpairedAccess>true</MobilityImpairedAccess>
								<limitations>
									<AccessibilityLimitation id="tbd:AccessibilityLimitation:POI_23_pl_A1-J1_to_A3">
										<WheelchairAccess>true</WheelchairAccess>
										<StepFreeAccess>true</StepFreeAccess>
										<EscalatorFreeAccess>unknown</EscalatorFreeAccess>
										<LiftFreeAccess>true</LiftFreeAccess>
									</AccessibilityLimitation>
								</limitations>
							</AccessibilityAssessment>
							<PublicUse>all</PublicUse>
							<Covered>indoors</Covered>
							<Towards>Terrace </Towards>
							<NumberOfSteps>20</NumberOfSteps>
							<AllowedUse>twoWay</AllowedUse>
							<Transition>up</Transition>
							<AccessFeatureType>stairs</AccessFeatureType>
							<MaximumFlowPerMinute>1</MaximumFlowPerMinute>
							<TransferDuration>
								<DefaultDuration>PT2M</DefaultDuration>
							</TransferDuration>
							<SiteRef version="any" xsi:type="PointOfInterestRefStructure" ref="tbd:PointOfInterest:POI_23"/>
						</SitePathLink>
						<SitePathLink version="any" id="tbd:SitePathLink:POI_23_pl_B1-E1_to_B1-J1">
							<Name>From entrance A to main concourse J1</Name>
							<Distance>20</Distance>
							<From>
								<PlaceRef version="any" xsi:type="PointOfInterestRefStructure" ref="tbd:PointOfInterest:POI_23"/>
								<LevelRef version="any" ref="tbd:Level:POI_23_Lvl_01_lower"/>
								<EntranceRef version="any" ref="tbd:PointOfInterestEntrance:POI_23_B1-E1"/>
							</From>
							<To>
								<PlaceRef version="any" ref="tbd:PathJunction:POI_23_B1-J1"/>
								<LevelRef version="any" ref="tbd:Level:POI_23_Lvl_01_lower"/>
							</To>
							<AccessibilityAssessment version="any" id="tbd:AccessibilityAssessment:POI_23_pl_B1-E1_to_B1-J1">
								<MobilityImpairedAccess>true</MobilityImpairedAccess>
								<limitations>
									<AccessibilityLimitation id="tbd:AccessibilityLimitation:POI_23_pl_B1-E1_to_B1-J1">
										<WheelchairAccess>true</WheelchairAccess>
										<StepFreeAccess>true</StepFreeAccess>
										<EscalatorFreeAccess>unknown</EscalatorFreeAccess>
										<LiftFreeAccess>true</LiftFreeAccess>
									</AccessibilityLimitation>
								</limitations>
							</AccessibilityAssessment>
							<PublicUse>all</PublicUse>
							<Covered>indoors</Covered>
							<Towards>Lower terrace</Towards>
							<NumberOfSteps>1</NumberOfSteps>
							<AllowedUse>twoWay</AllowedUse>
							<Transition>level</Transition>
							<AccessFeatureType>barrier</AccessFeatureType>
							<MaximumFlowPerMinute>1</MaximumFlowPerMinute>
							<TransferDuration>
								<DefaultDuration>PT1M</DefaultDuration>
								<MobilityRestrictedTravellerDuration>PT5M</MobilityRestrictedTravellerDuration>
							</TransferDuration>
							<SiteRef version="any" xsi:type="PointOfInterestRefStructure" ref="tbd:PointOfInterest:POI_23"/>
							<LevelRef version="any" ref="tbd:Level:POI_23_Lvl_01_lower"/>
						</SitePathLink>
						<SitePathLink version="any" id="tbd:SitePathLink:POI_23_pl_B1-J1_to_B2">
							<Name>from concourse J1 to lower terrace </Name>
							<Distance>20</Distance>
							<From>
								<PlaceRef version="any" ref="tbd:PathJunction:POI_23_B1-J1"/>
								<LevelRef version="any" ref="tbd:Level:POI_23_Lvl_01_lower"/>
							</From>
							<To>
								<PlaceRef version="any" xsi:type="PointOfInterestSpaceRefStructure" ref="tbd:PointOfInterestSpace:POI_23_B2"/>
								<LevelRef version="any" ref="tbd:Level:POI_23_Lvl_01_lower"/>
							</To>
							<AccessibilityAssessment version="any" id="tbd:AccessibilityAssessment:POI_23_pl_B1-J1_to_B2">
								<MobilityImpairedAccess>true</MobilityImpairedAccess>
								<limitations>
									<AccessibilityLimitation id="tbd:AccessibilityLimitation:POI_23_pl_B1-J1_to_B2">
										<WheelchairAccess>true</WheelchairAccess>
										<StepFreeAccess>true</StepFreeAccess>
										<EscalatorFreeAccess>unknown</EscalatorFreeAccess>
										<LiftFreeAccess>true</LiftFreeAccess>
									</AccessibilityLimitation>
								</limitations>
							</AccessibilityAssessment>
							<PublicUse>all</PublicUse>
							<Covered>indoors</Covered>
							<Towards>along</Towards>
							<NumberOfSteps>1</NumberOfSteps>
							<AllowedUse>twoWay</AllowedUse>
							<Transition>level</Transition>
							<AccessFeatureType>concourse</AccessFeatureType>
							<MaximumFlowPerMinute>1</MaximumFlowPerMinute>
							<TransferDuration>
								<DefaultDuration>PT1M</DefaultDuration>
								<MobilityRestrictedTravellerDuration>PT5M</MobilityRestrictedTravellerDuration>
							</TransferDuration>
							<SiteRef version="any" xsi:type="PointOfInterestRefStructure" ref="tbd:PointOfInterest:POI_23"/>
							<LevelRef version="any" ref="tbd:Level:POI_23_Lvl_01_lower"/>
						</SitePathLink>
						<SitePathLink version="any" id="tbd:SitePathLink:POI_23_pl_B1-J1_to_B3">
							<Name>from entrance concourse J1 to upper terrace A</Name>
							<Distance>20</Distance>
							<From>
								<PlaceRef version="any" ref="tbd:PathJunction:POI_23_B1-J1"/>
								<LevelRef version="any" ref="tbd:Level:POI_23_Lvl_01_lower"/>
							</From>
							<To>
								<PlaceRef version="any" xsi:type="PointOfInterestSpaceRefStructure" ref="tbd:PointOfInterestSpace:POI_23_B3"/>
								<LevelRef version="any" ref="tbd:Level:POI_23_Lvl_02_upper"/>
							</To>
							<AccessibilityAssessment version="any" id="tbd:AccessibilityAssessment:POI_23_pl_B1-J1_to_B3">
								<MobilityImpairedAccess>true</MobilityImpairedAccess>
								<limitations>
									<AccessibilityLimitation id="tbd:AccessibilityLimitation:POI_23_pl_B1-J1_to_B3">
										<WheelchairAccess>true</WheelchairAccess>
										<StepFreeAccess>true</StepFreeAccess>
										<EscalatorFreeAccess>unknown</EscalatorFreeAccess>
										<LiftFreeAccess>true</LiftFreeAccess>
									</AccessibilityLimitation>
								</limitations>
							</AccessibilityAssessment>
							<PublicUse>all</PublicUse>
							<Covered>indoors</Covered>
							<Towards>Terrace </Towards>
							<NumberOfSteps>20</NumberOfSteps>
							<AllowedUse>twoWay</AllowedUse>
							<Transition>up</Transition>
							<AccessFeatureType>stairs</AccessFeatureType>
							<MaximumFlowPerMinute>1</MaximumFlowPerMinute>
							<TransferDuration>
								<DefaultDuration>PT2M</DefaultDuration>
							</TransferDuration>
							<SiteRef version="any" xsi:type="PointOfInterestRefStructure" ref="tbd:PointOfInterest:POI_23"/>
						</SitePathLink>
					</pathLinks>
					<pathJunctions>
						<PathJunction version="any" id="tbd:PathJunction:POI_23_A1-J1">
							<Name>Branch in Entrance Hall A</Name>
							<ParentZoneRef version="any" ref="tbd:PointOfInterestSpace:POI_23_A1"/>
						</PathJunction>
						<PathJunction version="any" id="tbd:PathJunction:POI_23_B1-J1">
							<Name>Branch in Entrance Hall B</Name>
							<ParentZoneRef version="any" ref="tbd:PointOfInterestSpace:POI_23_B1"/>
						</PathJunction>
					</pathJunctions>
					<accesses>
						<Access version="any" id="tbd:Access:POI_23_N1">
							<Name>Access to stadium from Framton metro</Name>
							<Distance>0.0</Distance>
							<TransferDuration>
								<DefaultDuration>PT5M</DefaultDuration>
								<FrequentTravellerDuration>PT3M</FrequentTravellerDuration>
								<OccasionalTravellerDuration>PT5M</OccasionalTravellerDuration>
								<MobilityRestrictedTravellerDuration>PT20M</MobilityRestrictedTravellerDuration>
							</TransferDuration>
							<BothWays>true</BothWays>
							<From>
								<TransportMode>metro</TransportMode>
								<PlaceRef xsi:type="StopPlaceRefStructure" ref="napt:StopPlace:470012345"/>
							</From>
							<To>
								<PlaceRef version="any" xsi:type="PointOfInterestRefStructure" ref="tbd:PointOfInterest:POI_23"/>
							</To>
						</Access>
					</accesses>
					<navigationPaths>
						<NavigationPath version="any" id="tbd:NavigationPath:POI_23_N1_A1-E1_to_A2">
							<Name>From entrance A to lower terrace A2</Name>
							<AccessibilityAssessment version="any" id="tbd:AccessibilityAssessment:POI_23_N1_A1-E1_to_A2">
								<MobilityImpairedAccess>true</MobilityImpairedAccess>
								<limitations>
									<AccessibilityLimitation id="tbd:AccessibilityLimitation:POI_23_N1_A1-E1_to_A2">
										<WheelchairAccess>true</WheelchairAccess>
										<StepFreeAccess>true</StepFreeAccess>
										<EscalatorFreeAccess>true</EscalatorFreeAccess>
										<LiftFreeAccess>true</LiftFreeAccess>
									</AccessibilityLimitation>
								</limitations>
							</AccessibilityAssessment>
							<AccessModes>foot</AccessModes>
							<summaries>
								<AccessSummary version="any" id="tbd:AccessSummary:POI_23_N1_A1-E1_to_A2_01">
									<AccessFeatureType>concourse</AccessFeatureType>
									<Count>1</Count>
									<Transition>level</Transition>
								</AccessSummary>
							</summaries>
							<TransferDuration>
								<DefaultDuration>PT5M</DefaultDuration>
								<FrequentTravellerDuration>PT5M</FrequentTravellerDuration>
								<OccasionalTravellerDuration>PT5M</OccasionalTravellerDuration>
								<MobilityRestrictedTravellerDuration>PT5M</MobilityRestrictedTravellerDuration>
							</TransferDuration>
							<NavigationType>streetToSpace</NavigationType>
							<placesInSequence>
								<PlaceInSequence version="any" order="1" id="tbd:PlaceInSequence:POI_23_N1_A1-E1_to_A2_p01">
									<PlaceRef version="any" xsi:type="PointOfInterestEntranceRefStructure" ref="tbd:PointOfInterestEntrance:POI_23_A1-E1"/>
									<Description>Entrance A</Description>
									<onwardLinks>
										<PathLinkInSequence version="any" order="1" id="tbd:PathLinkInSequence:PLIS_POI_23_A1-E1_to_A1_01">
											<PathLinkRef version="any" ref="tbd:SitePathLink:POI_23_pl_A1-E1_to_A1-J1"/>
											<Description>Entrance A</Description>
											<Reverse>true</Reverse>
											<Heading>forward</Heading>
											<Transition>level</Transition>
										</PathLinkInSequence>
									</onwardLinks>
								</PlaceInSequence>
								<PlaceInSequence version="any" order="2" id="tbd:PathLinkInSequence:POI_23_N1_A1-E1_to_A2_p02">
									<PlaceRef version="any" ref="tbd:PathJunction:POI_23_A1-J1"/>
									<Description>Branch {pomit in  concours A</Description>
									<onwardLinks>
										<PathLinkInSequence version="any" order="1" id="tbd:PLIS_POI_23_A1-E1_to_A1_02">
											<PathLinkRef version="any" ref="tbd:SitePathLink:POI_23_pl_A1-J1_to_A2"/>
											<Description>normalizedString</Description>
											<Reverse>true</Reverse>
											<Heading>forward</Heading>
											<Transition>level</Transition>
										</PathLinkInSequence>
									</onwardLinks>
								</PlaceInSequence>
								<PlaceInSequence version="any" order="3" id="tbd:PathLinkInSequence:POI_23_N1_A1-E1_to_A2_p03">
									<PlaceRef version="any" xsi:type="PointOfInterestSpaceRefStructure" ref="tbd:PointOfInterestSpace:POI_23_A2"/>
									<Description>lower terrace</Description>
								</PlaceInSequence>
							</placesInSequence>
							<pathLinksInSequence>
								<PathLinkInSequence version="any" order="1" id="tbd:PathLinkInSequence:POI_23_N1_A1-E1_to_A2_l01">
									<PathLinkRef version="any" ref="tbd:SitePathLink:POI_23_pl_A1-E1_to_A1-J1"/>
									<Description>Link 1</Description>
									<Reverse>true</Reverse>
									<Heading>forward</Heading>
									<Transition>level</Transition>
								</PathLinkInSequence>
								<PathLinkInSequence version="any" order="2" id="tbd:PathLinkInSequence:POI_23_N1_A1-E1_to_A2_l02">
									<PathLinkRef version="any" ref="tbd:SitePathLink:POI_23_pl_A1-J1_to_A2"/>
									<Description>Link 1</Description>
									<Reverse>true</Reverse>
									<Heading>forward</Heading>
									<Transition>level</Transition>
								</PathLinkInSequence>
							</pathLinksInSequence>
						</NavigationPath>
						<NavigationPath version="any" id="tbd:NavigationPath:POI_23_N2_A1-E1_to_A3">
							<Name>From entrance A to upper terrace</Name>
							<AccessibilityAssessment version="any" id="tbd:AccessibilityAssessment:POI_23_N2_A1-E1_to_A3">
								<MobilityImpairedAccess>false</MobilityImpairedAccess>
								<limitations>
									<AccessibilityLimitation id="tbd:AccessibilityLimitation:POI_23_N2_A1-E1_to_A3">
										<WheelchairAccess>false</WheelchairAccess>
										<StepFreeAccess>false</StepFreeAccess>
										<EscalatorFreeAccess>true</EscalatorFreeAccess>
										<LiftFreeAccess>true</LiftFreeAccess>
									</AccessibilityLimitation>
								</limitations>
							</AccessibilityAssessment>
							<AccessModes>foot</AccessModes>
							<summaries>
								<AccessSummary version="any" id="tbd:AccessSummary:POI_23_N2_A1-E1_to_A3_01">
									<AccessFeatureType>stairs</AccessFeatureType>
									<Count>1</Count>
									<Transition>up</Transition>
								</AccessSummary>
								<AccessSummary version="any" id="tbd:AccessSummary:POI_23_N2_A1-E1_to_A3_02">
									<AccessFeatureType>concourse</AccessFeatureType>
									<Count>1</Count>
									<Transition>level</Transition>
								</AccessSummary>
							</summaries>
							<TransferDuration>
								<DefaultDuration>PT5M</DefaultDuration>
							</TransferDuration>
							<NavigationType>streetToSpace</NavigationType>
							<placesInSequence>
								<PlaceInSequence version="any" order="1" id="tbd:PlaceInSequence:POI_23_N2_A1-E1_to_A3_p01">
									<PlaceRef version="any" ref="tbd:PointOfInterestEntrance:POI_23_A1-E1"/>
									<Description>entrance A</Description>
									<onwardLinks>
										<PathLinkInSequence version="any" order="1" id="tbd:PathLinkInSequence:POI_23_N2_A1-E1_to_A3_p01_01">
											<PathLinkRef version="any" xsi:type="SitePathLinkRefStructure" ref="tbd:SitePathLink:POI_23_pl_A1-E1_to_A1-J1"/>
											<Description>Entrance A</Description>
											<Reverse>true</Reverse>
											<Heading>forward</Heading>
											<Transition>level</Transition>
										</PathLinkInSequence>
									</onwardLinks>
								</PlaceInSequence>
								<PlaceInSequence version="any" order="2" id="tbd:PlaceInSequence:POI_23_N2_A1-E1_to_A3_p02">
									<PlaceRef version="any" xsi:type="PointOfInterestSpaceRefStructure" ref="tbd:PointOfInterestSpace:POI_23_A1"/>
									<Description>entrance concours A</Description>
									<onwardLinks>
										<PathLinkInSequence version="any" order="1" id="tbd:PathLinkInSequence:POI_23_N2_A1-E1_to_A3_p02_01">
											<PathLinkRef version="any" ref="tbd:SitePathLink:POI_23_pl_A1-J1_to_A3"/>
											<Description>normalizedString</Description>
											<Reverse>true</Reverse>
											<Heading>forward</Heading>
											<Transition>level</Transition>
										</PathLinkInSequence>
									</onwardLinks>
								</PlaceInSequence>
								<PlaceInSequence version="any" order="3" id="tbd:PlaceInSequence:POI_23_N2_A1-E1_to_A3_p03">
									<PlaceRef version="any" xsi:type="PointOfInterestSpaceRefStructure" ref="tbd:PointOfInterestSpace:POI_23_A3"/>
									<Description>upperterrace</Description>
								</PlaceInSequence>
							</placesInSequence>
							<pathLinksInSequence>
								<PathLinkInSequence version="any" order="1" id="tbd:PathLinkInSequence:POI_23_N2_A1-E1_to_A3_l01">
									<PathLinkRef version="any" ref="tbd:SitePathLink:POI_23_pl_A1-E1_to_A1-J1"/>
									<Description>Link 1 into concourse</Description>
									<Reverse>false</Reverse>
									<Heading>forward</Heading>
									<Transition>level</Transition>
								</PathLinkInSequence>
								<PathLinkInSequence version="any" order="2" id="tbd:PathLinkInSequence:POI_23_N2_A1-E1_to_A3_l02">
									<PathLinkRef version="any" ref="tbd:SitePathLink:POI_23_pl_A1-J1_to_A3"/>
									<Description>Link 2 up stairs</Description>
									<Reverse>false</Reverse>
									<Heading>forward</Heading>
									<Transition>up</Transition>
								</PathLinkInSequence>
							</pathLinksInSequence>
						</NavigationPath>
						<NavigationPath version="any" id="tbd:NavigationPath:POI_23_N1_B1-E1_to_B2">
							<Name>From entrance A to lower terrace B2</Name>
							<AccessibilityAssessment version="any" id="tbd:AccessibilityAssessment:POI_23_N1_B1-E1_to_B2">
								<MobilityImpairedAccess>true</MobilityImpairedAccess>
								<limitations>
									<AccessibilityLimitation id="tbd:AccessibilityLimitation:POI_23_N1_B1-E1_to_B2">
										<WheelchairAccess>true</WheelchairAccess>
										<StepFreeAccess>true</StepFreeAccess>
										<EscalatorFreeAccess>true</EscalatorFreeAccess>
										<LiftFreeAccess>true</LiftFreeAccess>
									</AccessibilityLimitation>
								</limitations>
							</AccessibilityAssessment>
							<AccessModes>foot</AccessModes>
							<summaries>
								<AccessSummary version="any" id="tbd:AccessSummary:POI_23_N1_B1-E1_to_B2_01">
									<AccessFeatureType>concourse</AccessFeatureType>
									<Count>1</Count>
									<Transition>level</Transition>
								</AccessSummary>
							</summaries>
							<TransferDuration>
								<DefaultDuration>PT5M</DefaultDuration>
								<FrequentTravellerDuration>PT5M</FrequentTravellerDuration>
								<OccasionalTravellerDuration>PT5M</OccasionalTravellerDuration>
								<MobilityRestrictedTravellerDuration>PT5M</MobilityRestrictedTravellerDuration>
							</TransferDuration>
							<NavigationType>streetToSpace</NavigationType>
							<placesInSequence>
								<PlaceInSequence version="any" order="1" id="tbd:PlaceInSequence:POI_23_N1_B1-E1_to_B2_p01">
									<PlaceRef version="any" xsi:type="PointOfInterestEntranceRefStructure" ref="tbd:PointOfInterestEntrance:POI_23_B1-E1"/>
									<Description>Entrance A</Description>
									<onwardLinks>
										<PathLinkInSequence version="any" order="1" id="tbd:PathLinkInSequence:PLIS_POI_23_B1-E1_to_B1_01">
											<PathLinkRef version="any" ref="tbd:SitePathLink:POI_23_pl_B1-E1_to_B1-J1"/>
											<Description>Entrance A</Description>
											<Reverse>true</Reverse>
											<Heading>forward</Heading>
											<Transition>level</Transition>
										</PathLinkInSequence>
									</onwardLinks>
								</PlaceInSequence>
								<PlaceInSequence version="any" order="2" id="tbd:PathLinkInSequence:POI_23_N1_B1-E1_to_B2_p02">
									<PlaceRef version="any" ref="tbd:PathJunction:POI_23_B1-J1"/>
									<Description>Branch {pomit in  concours A</Description>
									<onwardLinks>
										<PathLinkInSequence version="any" order="1" id="tbd:PLIS_POI_23_B1-E1_to_B1_02">
											<PathLinkRef version="any" ref="tbd:SitePathLink:POI_23_pl_B1-J1_to_B2"/>
											<Description>normalizedString</Description>
											<Reverse>true</Reverse>
											<Heading>forward</Heading>
											<Transition>level</Transition>
										</PathLinkInSequence>
									</onwardLinks>
								</PlaceInSequence>
								<PlaceInSequence version="any" order="3" id="tbd:PathLinkInSequence:POI_23_N1_B1-E1_to_B2_p03">
									<PlaceRef version="any" xsi:type="PointOfInterestSpaceRefStructure" ref="tbd:PointOfInterestSpace:POI_23_B2"/>
									<Description>lower terrace</Description>
								</PlaceInSequence>
							</placesInSequence>
							<pathLinksInSequence>
								<PathLinkInSequence version="any" order="1" id="tbd:PathLinkInSequence:POI_23_N1_B1-E1_to_B2_l01">
									<PathLinkRef version="any" ref="tbd:SitePathLink:POI_23_pl_B1-E1_to_B1-J1"/>
									<Description>Link 1</Description>
									<Reverse>true</Reverse>
									<Heading>forward</Heading>
									<Transition>level</Transition>
								</PathLinkInSequence>
								<PathLinkInSequence version="any" order="2" id="tbd:PathLinkInSequence:POI_23_N1_B1-E1_to_B2_l02">
									<PathLinkRef version="any" ref="tbd:SitePathLink:POI_23_pl_B1-J1_to_B2"/>
									<Description>Link 1</Description>
									<Reverse>true</Reverse>
									<Heading>forward</Heading>
									<Transition>level</Transition>
								</PathLinkInSequence>
							</pathLinksInSequence>
						</NavigationPath>
						<NavigationPath version="any" id="tbd:NavigationPath:POI_23_N2_B1-E1_to_B3">
							<Name>From entrance A to upper terrace</Name>
							<AccessibilityAssessment version="any" id="tbd:AccessibilityAssessment:POI_23_N2_B1-E1_to_B3">
								<MobilityImpairedAccess>false</MobilityImpairedAccess>
								<limitations>
									<AccessibilityLimitation id="tbd:AccessibilityLimitation:POI_23_N2_B1-E1_to_B3">
										<WheelchairAccess>false</WheelchairAccess>
										<StepFreeAccess>false</StepFreeAccess>
										<EscalatorFreeAccess>true</EscalatorFreeAccess>
										<LiftFreeAccess>true</LiftFreeAccess>
									</AccessibilityLimitation>
								</limitations>
							</AccessibilityAssessment>
							<AccessModes>foot</AccessModes>
							<summaries>
								<AccessSummary version="any" id="tbd:AccessSummary:POI_23_N2_B1-E1_to_B3_01">
									<AccessFeatureType>stairs</AccessFeatureType>
									<Count>1</Count>
									<Transition>up</Transition>
								</AccessSummary>
								<AccessSummary version="any" id="tbd:AccessSummary:POI_23_N2_B1-E1_to_B3_02">
									<AccessFeatureType>concourse</AccessFeatureType>
									<Count>1</Count>
									<Transition>level</Transition>
								</AccessSummary>
							</summaries>
							<TransferDuration>
								<DefaultDuration>PT5M</DefaultDuration>
							</TransferDuration>
							<NavigationType>streetToSpace</NavigationType>
							<placesInSequence>
								<PlaceInSequence version="any" order="1" id="tbd:PlaceInSequence:POI_23_N2_B1-E1_to_B3_p01">
									<PlaceRef version="any" xsi:type="PointOfInterestEntranceRefStructure" ref="tbd:PointOfInterestEntrance:POI_23_B1-E1"/>
									<Description>entrance A</Description>
									<onwardLinks>
										<PathLinkInSequence version="any" order="1" id="tbd:PathLinkInSequence:POI_23_N2_B1-E1_to_B3_p01_01">
											<PathLinkRef version="any" xsi:type="SitePathLinkRefStructure" ref="tbd:SitePathLink:POI_23_pl_B1-E1_to_B1-J1"/>
											<Description>Entrance A</Description>
											<Reverse>true</Reverse>
											<Heading>forward</Heading>
											<Transition>level</Transition>
										</PathLinkInSequence>
									</onwardLinks>
								</PlaceInSequence>
								<PlaceInSequence version="any" order="2" id="tbd:PlaceInSequence:POI_23_N2_B1-E1_to_B3_p02">
									<PlaceRef version="any" xsi:type="PointOfInterestSpaceRefStructure" ref="tbd:PointOfInterestSpace:POI_23_B1"/>
									<Description>entrance concours A</Description>
									<onwardLinks>
										<PathLinkInSequence version="any" order="1" id="tbd:PathLinkInSequence:POI_23_N2_B1-E1_to_B3_p02_01">
											<PathLinkRef version="any" ref="tbd:SitePathLink:POI_23_pl_B1-J1_to_B3"/>
											<Description>normalizedString</Description>
											<Reverse>true</Reverse>
											<Heading>forward</Heading>
											<Transition>level</Transition>
										</PathLinkInSequence>
									</onwardLinks>
								</PlaceInSequence>
								<PlaceInSequence version="any" order="3" id="tbd:PlaceInSequence:POI_23_N2_B1-E1_to_B3_p03">
									<PlaceRef version="any" xsi:type="PointOfInterestSpaceRefStructure" ref="tbd:PointOfInterestSpace:POI_23_B3"/>
									<Description>upperterrace</Description>
								</PlaceInSequence>
							</placesInSequence>
							<pathLinksInSequence>
								<PathLinkInSequence version="any" order="1" id="tbd:PathLinkInSequence:POI_23_N2_B1-E1_to_B3_l01">
									<PathLinkRef version="any" ref="tbd:SitePathLink:POI_23_pl_B1-E1_to_B1-J1"/>
									<Description>Link 1 into concourse</Description>
									<Reverse>false</Reverse>
									<Heading>forward</Heading>
									<Transition>level</Transition>
								</PathLinkInSequence>
								<PathLinkInSequence version="any" order="2" id="tbd:PathLinkInSequence:POI_23_N2_B1-E1_to_B3_l02">
									<PathLinkRef version="any" ref="tbd:SitePathLink:POI_23_pl_B1-J1_to_B3"/>
									<Description>Link 2 up stairs</Description>
									<Reverse>false</Reverse>
									<Heading>forward</Heading>
									<Transition>up</Transition>
								</PathLinkInSequence>
							</pathLinksInSequence>
						</NavigationPath>
					</navigationPaths>
				</PointOfInterest>
			</pointsOfInterest>
		</SiteFrame>
	</dataObjects>
</PublicationDelivery>
