<?xml version="1.0" encoding="iso-8859-1"?>
<!-- ==== SImple Timetable  Example ====== 
This example shows the encoding of a unit distance fare set for a simple bus timetable for a linear route in NeTex XML  

There is a complex honecomb zone structure with fares based on the number of zones crossed

It is based  on the same route used in other bus  examples  e.g. 
		Bus_SimpleTimetable_WithTimings example to see LINKS & PATTERNs
 
It is     extended in other examples with further details
		Bus_SimpleTimetable_PointToPoint_MultipleProducts  to see added Fare Products 
		Bus_SimpleTimetable_ZoneToZone_AdultChildProducts  to see   Zonal Products 
		Bus_SimpleTimetable_ZoneToZone_OffPeakProduct  to see added Zonal Products 
1. OVERVIEW
============

   The Fare structure  has a complex zonal matrix with fares based on the number of zones traversed . 
The zones are as follows

	P - - Q
  /  \   /   \  \
 A - B - C - D
  \  /   /	\	/
    X - - - Y


The TARIFF isdefined in terms of   number of units  between  zones 

Zone  to Zone  Fare matrix as number of zones counted 
    
         A		B		C		D	  P	Q		X		Y
	A   1      2      3     4    2		3		2		4
	B   -      1      2     3     2		2		2		3
	C   -      -    	1     2     3		2		2		2
	D   -      -    	 -      1    3	2		4		2
	P   -      -    	 -      -     1	2		3		4
	Q   -      -    	 -      -     -		1		3 		3
	X   -      -    	 -      -     -		-		1 		2
	Y   -      -    	 -      -     -		-		- 		1
 

There are separate FARE PRICEs for a one, zone two zone and three zone units, and separte FARE PRODUCTs.


==================================
2. DETAILS

There are Tariff zones for the network

ZONEs
	    A)   mybus:TariffZone:A  Alpha						 
		B)  mybus:TariffZone:B    Bravo							 
		C)  mybus:TariffZone:C  Charley
		D)  mybus:TariffZone:D  Delta
		P)  mybus:TariffZone:D  Papa
		Q)  mybus:TariffZone:D  Quebec
		X)  mybus:TariffZone:X    Xray
		Y)  mybus:TariffZone:Y   Yankee




There are DISTANCE  MATRIX ELEMENTs for   each zone to zone  to point transition,  e.g.

AA  DISTANCE  MATRIX ELEMENT: myfares:DistanceMatrixElement:A_to_A 
			GEOGRAPHICAL INTERVAL: myfares:GeographicalInterval:gi_1zone
				Starts at TARIFF ZONE mybus:TariffZone:A 
				Ends at TARIFF mybus:TariffZone:B"/>
				GeographicalStructureFactor 	 GEOGRAPHICAL INTERVAL myfares:GeographicalInterval:gi_1zone
	AB  DISTANCE  MATRIX ELEMENT: myfares:DistanceMatrixElement:A_to_B"
			GEOGRAPHICAL INTERVAL: myfares:GeographicalInterval:gi_2zone
				Starts at TARIFF ZONE mybus:TariffZone:A 
				Ends at TARIFF mybus:TariffZone:B"/>
				GeographicalStructureFactor 	 GEOGRAPHICAL INTERVAL myfares:GeographicalInterval:gi_2zone
	AC  DISTANCE  MATRIX ELEMENT: myfares:DistanceMatrixElement:A_to_C"
			GEOGRAPHICAL INTERVAL: myfares:GeographicalInterval:gi_2zone
				Starts at TARIFF ZONE mybus:TariffZone:A 
				Ends at TARIFF mybus:TariffZone:C"/>
				GeographicalStructureFactor 	 GEOGRAPHICAL INTERVAL myfares:GeographicalInterval:gi_3zone					 

     ETc Etc 



GEOGRAPHICAL INTERVALS are associated with TARIFF ZONES using GEOGRAPHICAL STRUCTURE FACTORs

	GEOGRAPHICAL STRUCTURE FACTOR GeographicalStructureFactor:1zone  :  
			GEOGRAPHICAL INTERVALmyfares:GeographicalInterval:gi_1zone 
			GEOGRAPHICAL I UNIT myfares:GeographicalUnit:gu   
	GEOGRAPHICAL STRUCTURE FACTOR GeographicalStructureFactor:2zone  :  
			GEOGRAPHICAL INTERVALmyfares:GeographicalInterval:gi_2zone 
			GEOGRAPHICAL I UNIT myfares:GeographicalUnit:gu   
	GEOGRAPHICAL STRUCTURE FACTOR GeographicalStructureFactor:3zone  :  
			GEOGRAPHICAL INTERVALmyfares:GeographicalInterval:gi_3zone 
			GEOGRAPHICAL I UNIT myfares:GeographicalUnit:gu   
	GEOGRAPHICAL STRUCTURE FACTOR GeographicalStructureFactor:4zone  :  
			GEOGRAPHICAL INTERVAL myfares:GeographicalInterval:gi_4zone 
			GEOGRAPHICAL I UNIT myfares:GeographicalUnit:gu   


Fixed quanta of Units are defined and priced  with  GEOGRAPHICAL INTERVAL s
   GEOGRAPHICAL INTERVAL  myfares:GeographicalInterval:gi_1zone
		GEOGRAPHICAL INTERVAL PRICE : myfares:GeographicalIntervalPrice:gip_1 
				AMOUNT 1.00 
	GEOGRAPHICAL INTERVAL PRICE : myfares:GeographicalIntervalPrice:gip_child
				AMOUNT 50%

   GEOGRAPHICAL INTERVAL  myfares:GeographicalInterval:gi_2zone
		GEOGRAPHICAL INTERVAL PRICE : myfares:GeographicalIntervalPrice:gip_2 
				AMOUNT 1.50 
	GEOGRAPHICAL INTERVAL PRICE : myfares:GeographicalIntervalPrice:gip_child
				AMOUNT 50%

    GEOGRAPHICAL INTERVAL  myfares:GeographicalInterval:gi_3zone
		GEOGRAPHICAL INTERVAL PRICE : myfares:GeographicalIntervalPrice:gip_3 
				AMOUNT 3.00 
		GEOGRAPHICAL INTERVAL PRICE : myfares:GeographicalIntervalPrice:gip_3_child 
				AMOUNT 50%

   GEOGRAPHICAL INTERVAL  myfares:GeographicalInterval:gi_4zone
		GEOGRAPHICAL INTERVAL PRICE : myfares:GeographicalIntervalPrice:gip_4 
				AMOUNT 4.00
		GEOGRAPHICAL INTERVAL PRICE : myfares:GeographicalIntervalPrice:gip_4_child 
				AMOUNT 50%


There    FARE PRODUCTS is availabel for adults and child and for one, two three or four zones
 

A COMPOSITE FRAME is used to group the component FRAMEs 

		A SERVICE  FRAME is used to contain the STOP POINT  elements   LINE, etc
		A FARE FRAME is used to contain  the FARE    elements 
 		A RESOURCE is used to contain the GEOGRAPHICAL UNITs, etc
-->
<PublicationDelivery version="1.0" xsi:schemaLocation="http://www.netex.org.uk/netex ../../../xsd/NeTEx_publication.xsd" xmlns="http://www.netex.org.uk/netex" xmlns:siri="http://www.siri.org.uk/siri" xmlns:gml="http://www.opengis.net/gml/3.2" xmlns:xsi="http://www.w3.org/2001/XMLSchema-instance">
	<PublicationTimestamp>2010-12-17T09:30:47.0Z</PublicationTimestamp>
	<ParticipantRef>SYS001</ParticipantRef>
	<!--- ======WHAT WAS REQUESTED ========== -->
	<PublicationRequest version="1.0">
		<RequestTimestamp>2010-12-17T09:30:47.0Z</RequestTimestamp>
		<ParticipantRef>SYS002</ParticipantRef>
		<topics>
			<NetworkFrameTopic>
				<selectionValidityConditions>
					<AvailabilityCondition version="any" id="hde:AvailabilityCondition:CAL_02">
						<FromDate>2011-01-01T00:00:00Z</FromDate>
					</AvailabilityCondition>
				</selectionValidityConditions>
				<FareFrameRef ref="myfares:FareFrame:any">REQUEST</FareFrameRef>
			</NetworkFrameTopic>
		</topics>
	</PublicationRequest>
	<PublicationRefreshInterval>P1M</PublicationRefreshInterval>
	<Description>Example  of simple point to point fares</Description>
	<!--- =============== RESULTS =========== -->
	<dataObjects>
		<CompositeFrame version="1" id="myfares:CompositeFrame:CAL_02">
			<validityConditions>
				<ValidBetween>
					<FromDate>2011-01-01T00:00:00Z</FromDate>
					<ToDate>2011-07-01T00:00:00Z</ToDate>
				</ValidBetween>
			</validityConditions>
			<!--- ======= CODESPACEs======== -->
			<codespaces>
				<Codespace id="mybus">
					<Xmlns>mybus</Xmlns>
					<XmlnsUrl>http://www.mybuses.eu/stuff</XmlnsUrl>
					<Description>My buses</Description>
				</Codespace>
				<Codespace id="myfares">
					<Xmlns>myfares</Xmlns>
					<XmlnsUrl>http://www.myfares,com/fares</XmlnsUrl>
					<Description>Fatre v data   </Description>
				</Codespace>
			</codespaces>
			<!--- =======FRAME DEFAULTS======== -->
			<FrameDefaults>
				<DefaultCodespaceRef ref="myfares"/>
			</FrameDefaults>
			<frames>
				<ServiceFrame version="1" id="mybus:ServiceFrame:svf_12">
					<Name>Stops for Fare network </Name>
					<!--- =========STOP POINTs============ -->
					<tariffZones>
						<TariffZone version="any" id="mybus:TariffZone:A">
							<Name>Alpha &amp; Castle</Name>
							<ShortName>Alpha</ShortName>
						</TariffZone>
						<TariffZone version="any" id="mybus:TariffZone:B">
							<Name>Bravo Street</Name>
							<ShortName>Bravo</ShortName>
						</TariffZone>
						<TariffZone version="any" id="mybus:TariffZone:C">
							<Name>Charley Crescent</Name>
							<ShortName>Charley</ShortName>
						</TariffZone>
						<TariffZone version="any" id="mybus:TariffZone:D">
							<Name>Delta </Name>
							<ShortName>Delta</ShortName>
						</TariffZone>
						<TariffZone version="any" id="mybus:TariffZone:P">
							<Name>Papa </Name>
							<ShortName>Papa</ShortName>
						</TariffZone>
						<TariffZone version="any" id="mybus:TariffZone:Q">
							<Name>Quebec </Name>
							<ShortName>Quebec</ShortName>
						</TariffZone>
						<TariffZone version="any" id="mybus:TariffZone:X">
							<Name>X Ray </Name>
						</TariffZone>
						<TariffZone version="any" id="mybus:TariffZone:Y">
							<Name>Yankee </Name>
						</TariffZone>
					</tariffZones>
				</ServiceFrame>
				<!--- =============== FAREs =========== -->
				<FareFrame version="any" id="myfares:FareFrame:FF01">
					<FrameDefaults>
						<DefaultCurrency>EUR</DefaultCurrency>
					</FrameDefaults>
					<!--- ====Pricing Parmaters======= -->
					<PricingParameterSet version="any" id="myfares:PricingParameterSet:pp">
						<PriceUnitRef version="any" ref="myfares:PriceUnit:pu"/>
						<priceUnits>
							<PriceUnit version="any" id="myfares:PriceUnit:pu">
								<Name>Arbitrary Quanitized Unit of Transport Usage - </Name>
							</PriceUnit>
						</priceUnits>
						<pricingRules>
							<DiscountingRule version="any" id="myfares:DiscountingRule:0%">
								<DiscountAsPercentage>0</DiscountAsPercentage>
							</DiscountingRule>
							<DiscountingRule version="any" id="myfares:DiscountingRule:50%">
								<DiscountAsPercentage>50</DiscountAsPercentage>
							</DiscountingRule>
						</pricingRules>
					</PricingParameterSet>
					<!--- ====GeographicalU nit======== -->
					<geographicalUnits>
						<GeographicalUnit version="any" id="myfares:GeographicalUnit:gu">
							<Name>Arbitrary Quanitized Unit of Transport Usage - One zone to zone hop</Name>
						</GeographicalUnit>
					</geographicalUnits>
					<!--- ====Fare Structure======= -->
					<fareStructureElements>
						<FareStructureElement version="any" id="myfares:FareStructureElement:zoneHop">
							<geographicalStructureFactors>
								<GeographicalStructureFactor version="any" id="myfares:GeographicalStructureFactor:1zone">
									<GeographicalIntervalRef version="any" ref="myfares:GeographicalInterval:gi_1zone"/>
									<GeographicalUnitRef version="any" ref="myfares:GeographicalUnit:gu"/>
								</GeographicalStructureFactor>
								<GeographicalStructureFactor version="any" id="myfares:GeographicalStructureFactor:2zone">
									<GeographicalIntervalRef version="any" ref="myfares:GeographicalInterval:gi_2zone"/>
									<GeographicalUnitRef version="any" ref="myfares:GeographicalUnit:gu"/>
								</GeographicalStructureFactor>
								<GeographicalStructureFactor version="any" id="myfares:GeographicalStructureFactor:3zone">
									<GeographicalIntervalRef version="any" ref="myfares:GeographicalInterval:gi_3zone"/>
									<GeographicalUnitRef version="any" ref="myfares:GeographicalUnit:gu"/>
								</GeographicalStructureFactor>
								<GeographicalStructureFactor version="any" id="myfares:GeographicalStructureFactor:4zone">
									<GeographicalIntervalRef version="any" ref="myfares:GeographicalInterval:gi_4zone"/>
									<GeographicalUnitRef version="any" ref="myfares:GeographicalUnit:gu"/>
								</GeographicalStructureFactor>
							</geographicalStructureFactors>
						</FareStructureElement>
					</fareStructureElements>
					<tariffs>
						<Tariff version="any" id="myfares:Tariff:unitZone">
							<Name>Unit fare zones</Name>
							<GeographicalUnitRef version="any" ref="myfares:GeographicalUnit:gu"/>
							<!--- ====Intervals======= -->
							<geographicalIntervals>
								<GeographicalInterval version="any" id="myfares:GeographicalInterval:gi_1zone">
									<Name>Same zone</Name>
									<NumberOfUnits>1</NumberOfUnits>
									<IntervalType>tariffZone</IntervalType>
									<prices>
										<GeographicalIntervalPrice version="any" id="myfares:GeographicalIntervalPrice:gip_1">
											<Amount>1.00</Amount>
											<Units>1</Units>
											<GeographicalIntervalRef version="any" ref="myfares:GeographicalInterval:gi_1zone"/>
										</GeographicalIntervalPrice>
									</prices>
								</GeographicalInterval>
								<GeographicalInterval version="any" id="myfares:GeographicalInterval:gi_2zone">
									<Name>Two Zones</Name>
									<NumberOfUnits>2</NumberOfUnits>
									<IntervalType>tariffZone</IntervalType>
									<prices>
										<GeographicalIntervalPrice version="any" id="myfares:GeographicalIntervalPrice:gip_2">
											<Amount>1.50</Amount>
											<Units>1</Units>
											<GeographicalIntervalRef version="any" ref="myfares:GeographicalInterval:gi_2zone"/>
										</GeographicalIntervalPrice>
									</prices>
								</GeographicalInterval>
								<GeographicalInterval version="any" id="myfares:GeographicalInterval:gi_3zone">
									<Name>Three zones</Name>
									<NumberOfUnits>3</NumberOfUnits>
									<IntervalType>tariffZone</IntervalType>
									<prices>
										<GeographicalIntervalPrice version="any" id="myfares:GeographicalIntervalPrice:gip_3">
											<Amount>3.00</Amount>
											<Units>2</Units>
											<GeographicalIntervalRef version="any" ref="myfares:GeographicalInterval:gi_3zone"/>
										</GeographicalIntervalPrice>
									</prices>
								</GeographicalInterval>
								<GeographicalInterval version="any" id="myfares:GeographicalInterval:gi_4zone">
									<Name>Four Zones</Name>
									<NumberOfUnits>4</NumberOfUnits>
									<IntervalType>tariffZone</IntervalType>
								</GeographicalInterval>
							</geographicalIntervals>
							<!--- ===GEOGRAPHICAL STRUCTURE FACTORS==== -->
							<geographicalStructureFactors>
								<GeographicalStructureFactorRef version="any" ref="myfares:GeographicalStructureFactor:1zone"/>
								<GeographicalStructureFactorRef version="any" ref="myfares:GeographicalStructureFactor:2zone"/>
								<GeographicalStructureFactorRef version="any" ref="myfares:GeographicalStructureFactor:3zone"/>
								<GeographicalStructureFactorRef version="any" ref="myfares:GeographicalStructureFactor:4zone"/>
							</geographicalStructureFactors>
							<!--- ====DistanceMatrix======= -->
							<distanceMatrixElements>
								<!--
         A		B		C		D	  P	Q		X		Y
	A   1      2     3      4     2	3		2		4
-->
								<DistanceMatrixElement version="any" id="myfares:DistanceMatrixElement:A_to_A">
									<Name>Alpha to Alpha</Name>
									<StartTariffZoneRef version="any" ref="mybus:TariffZone:A"/>
									<EndTariffZoneRef version="any" ref="mybus:TariffZone:A"/>
									<structureFactors>
										<GeographicalStructureFactorRef version="any" ref="myfares:GeographicalStructureFactor:1zone"/>
									</structureFactors>
								</DistanceMatrixElement>
								<DistanceMatrixElement version="any" id="myfares:DistanceMatrixElement:A_to_B">
									<Name>Alpha to Bravo</Name>
									<StartTariffZoneRef version="any" ref="mybus:TariffZone:A"/>
									<EndTariffZoneRef version="any" ref="mybus:TariffZone:B"/>
									<structureFactors>
										<GeographicalStructureFactorRef version="any" ref="myfares:GeographicalStructureFactor:2zone"/>
									</structureFactors>
								</DistanceMatrixElement>
								<DistanceMatrixElement version="any" id="myfares:DistanceMatrixElement:A_to_C">
									<Name>Alpha to Charley</Name>
									<StartTariffZoneRef version="any" ref="mybus:TariffZone:A"/>
									<EndTariffZoneRef version="any" ref="mybus:TariffZone:C"/>
									<structureFactors>
										<GeographicalStructureFactorRef version="any" ref="myfares:GeographicalStructureFactor:3zone"/>
									</structureFactors>
								</DistanceMatrixElement>
								<DistanceMatrixElement version="any" id="myfares:DistanceMatrixElement:A_to_D">
									<Name>Alpha to Delta</Name>
									<StartTariffZoneRef version="any" ref="mybus:TariffZone:A"/>
									<EndTariffZoneRef version="any" ref="mybus:TariffZone:D"/>
									<structureFactors>
										<GeographicalStructureFactorRef version="any" ref="myfares:GeographicalStructureFactor:4zone"/>
									</structureFactors>
								</DistanceMatrixElement>
								<DistanceMatrixElement version="any" id="myfares:DistanceMatrixElement:A_to_P">
									<Name>Alpha to Papa</Name>
									<StartTariffZoneRef version="any" ref="mybus:TariffZone:A"/>
									<EndTariffZoneRef version="any" ref="mybus:TariffZone:P"/>
									<structureFactors>
										<GeographicalStructureFactorRef version="any" ref="myfares:GeographicalStructureFactor:2zone"/>
									</structureFactors>
								</DistanceMatrixElement>
								<DistanceMatrixElement version="any" id="myfares:DistanceMatrixElement:A_to_Q">
									<Name>Alpha to Quebec</Name>
									<StartTariffZoneRef version="any" ref="mybus:TariffZone:A"/>
									<EndTariffZoneRef version="any" ref="mybus:TariffZone:Q"/>
									<structureFactors>
										<GeographicalStructureFactorRef version="any" ref="myfares:GeographicalStructureFactor:3zone"/>
									</structureFactors>
								</DistanceMatrixElement>
								<DistanceMatrixElement version="any" id="myfares:DistanceMatrixElement:A_to_X">
									<Name>Alpha to Xray</Name>
									<StartTariffZoneRef version="any" ref="mybus:TariffZone:A"/>
									<EndTariffZoneRef version="any" ref="mybus:TariffZone:X"/>
									<structureFactors>
										<GeographicalStructureFactorRef version="any" ref="myfares:GeographicalStructureFactor:2zone"/>
									</structureFactors>
								</DistanceMatrixElement>
								<DistanceMatrixElement version="any" id="myfares:DistanceMatrixElement:A_to_Y">
									<Name>Alpha to Yankee</Name>
									<StartTariffZoneRef version="any" ref="mybus:TariffZone:A"/>
									<EndTariffZoneRef version="any" ref="mybus:TariffZone:Y"/>
									<structureFactors>
										<GeographicalStructureFactorRef version="any" ref="myfares:GeographicalStructureFactor:4zone"/>
									</structureFactors>
								</DistanceMatrixElement>
								<!--
         A		B		C		D	  P	Q		X		Y
	B   -      1      2      3     2	2		2		3	
-->
								<DistanceMatrixElement version="any" id="myfares:DistanceMatrixElement:B_to_B">
									<Name>Bravo to Charley</Name>
									<StartTariffZoneRef version="any" ref="mybus:TariffZone:B"/>
									<EndTariffZoneRef version="any" ref="mybus:TariffZone:B"/>
									<structureFactors>
										<GeographicalStructureFactorRef version="any" ref="myfares:GeographicalStructureFactor:1zone"/>
									</structureFactors>
								</DistanceMatrixElement>
								<DistanceMatrixElement version="any" id="myfares:DistanceMatrixElement:B_to_C">
									<Name>Bravo to Charley</Name>
									<StartTariffZoneRef version="any" ref="mybus:TariffZone:B"/>
									<EndTariffZoneRef version="any" ref="mybus:TariffZone:C"/>
									<structureFactors>
										<GeographicalStructureFactorRef version="any" ref="myfares:GeographicalStructureFactor:2zone"/>
									</structureFactors>
								</DistanceMatrixElement>
								<DistanceMatrixElement version="any" id="myfares:DistanceMatrixElement:B_to_D">
									<Name>Bravo to Delta</Name>
									<StartTariffZoneRef version="any" ref="mybus:TariffZone:B"/>
									<EndTariffZoneRef version="any" ref="mybus:TariffZone:D"/>
									<structureFactors>
										<GeographicalStructureFactorRef version="any" ref="myfares:GeographicalStructureFactor:3zone"/>
									</structureFactors>
								</DistanceMatrixElement>
								<DistanceMatrixElement version="any" id="myfares:DistanceMatrixElement:B_to_P">
									<Name>Bravo to Papa</Name>
									<StartTariffZoneRef version="any" ref="mybus:TariffZone:B"/>
									<EndTariffZoneRef version="any" ref="mybus:TariffZone:P"/>
									<structureFactors>
										<GeographicalStructureFactorRef version="any" ref="myfares:GeographicalStructureFactor:2zone"/>
									</structureFactors>
								</DistanceMatrixElement>
								<DistanceMatrixElement version="any" id="myfares:DistanceMatrixElement:B_to_Q">
									<Name>Bravo to Quebec</Name>
									<StartTariffZoneRef version="any" ref="mybus:TariffZone:B"/>
									<EndTariffZoneRef version="any" ref="mybus:TariffZone:Q"/>
									<structureFactors>
										<GeographicalStructureFactorRef version="any" ref="myfares:GeographicalStructureFactor:2zone"/>
									</structureFactors>
								</DistanceMatrixElement>
								<DistanceMatrixElement version="any" id="myfares:DistanceMatrixElement:B_to_X">
									<Name>Bravo to Xray</Name>
									<StartTariffZoneRef version="any" ref="mybus:TariffZone:B"/>
									<EndTariffZoneRef version="any" ref="mybus:TariffZone:X"/>
									<structureFactors>
										<GeographicalStructureFactorRef version="any" ref="myfares:GeographicalStructureFactor:2zone"/>
									</structureFactors>
								</DistanceMatrixElement>
								<DistanceMatrixElement version="any" id="myfares:DistanceMatrixElement:B_to_Y">
									<Name>Bravo to Yankee</Name>
									<StartTariffZoneRef version="any" ref="mybus:TariffZone:B"/>
									<EndTariffZoneRef version="any" ref="mybus:TariffZone:Y"/>
									<structureFactors>
										<GeographicalStructureFactorRef version="any" ref="myfares:GeographicalStructureFactor:3zone"/>
									</structureFactors>
								</DistanceMatrixElement>
								<!--
         A		B		C		D	  P	Q		X		Y
	C   -      -    	 1      2     2	2		2		2	 
-->
								<DistanceMatrixElement version="any" id="myfares:DistanceMatrixElement:C_to_C">
									<Name>Charley to Charley</Name>
									<StartTariffZoneRef version="any" ref="mybus:TariffZone:C"/>
									<EndTariffZoneRef version="any" ref="mybus:TariffZone:C"/>
									<structureFactors>
										<GeographicalStructureFactorRef version="any" ref="myfares:GeographicalStructureFactor:1zone"/>
									</structureFactors>
								</DistanceMatrixElement>
								<DistanceMatrixElement version="any" id="myfares:DistanceMatrixElement:C_to_D">
									<Name>Charley to Delta</Name>
									<StartTariffZoneRef version="any" ref="mybus:TariffZone:C"/>
									<EndTariffZoneRef version="any" ref="mybus:TariffZone:D"/>
									<structureFactors>
										<GeographicalStructureFactorRef version="any" ref="myfares:GeographicalStructureFactor:2zone"/>
									</structureFactors>
								</DistanceMatrixElement>
								<DistanceMatrixElement version="any" id="myfares:DistanceMatrixElement:C_to_P">
									<Name>Charley to Papa</Name>
									<StartTariffZoneRef version="any" ref="mybus:TariffZone:C"/>
									<EndTariffZoneRef version="any" ref="mybus:TariffZone:P"/>
									<structureFactors>
										<GeographicalStructureFactorRef version="any" ref="myfares:GeographicalStructureFactor:2zone"/>
									</structureFactors>
								</DistanceMatrixElement>
								<DistanceMatrixElement version="any" id="myfares:DistanceMatrixElement:C_to_Q">
									<Name>Charley to Quebec</Name>
									<StartTariffZoneRef version="any" ref="mybus:TariffZone:C"/>
									<EndTariffZoneRef version="any" ref="mybus:TariffZone:Q"/>
									<structureFactors>
										<GeographicalStructureFactorRef version="any" ref="myfares:GeographicalStructureFactor:2zone"/>
									</structureFactors>
								</DistanceMatrixElement>
								<DistanceMatrixElement version="any" id="myfares:DistanceMatrixElement:C_to_X">
									<Name>Charley to Xray</Name>
									<StartTariffZoneRef version="any" ref="mybus:TariffZone:C"/>
									<EndTariffZoneRef version="any" ref="mybus:TariffZone:X"/>
									<structureFactors>
										<GeographicalStructureFactorRef version="any" ref="myfares:GeographicalStructureFactor:2zone"/>
									</structureFactors>
								</DistanceMatrixElement>
								<DistanceMatrixElement version="any" id="myfares:DistanceMatrixElement:C_to_Y">
									<Name>Charley to Yankee</Name>
									<StartTariffZoneRef version="any" ref="mybus:TariffZone:C"/>
									<EndTariffZoneRef version="any" ref="mybus:TariffZone:Y"/>
									<structureFactors>
										<GeographicalStructureFactorRef version="any" ref="myfares:GeographicalStructureFactor:2zone"/>
									</structureFactors>
								</DistanceMatrixElement>
								<!--
         A		B		C		D	  P	Q		X		Y 
	D   -      -    	 -      1     3	2		4		2
 
-->
								<DistanceMatrixElement version="any" id="myfares:DistanceMatrixElement:D_to_D">
									<Name>Delta to Delta</Name>
									<StartTariffZoneRef version="any" ref="mybus:TariffZone:D"/>
									<EndTariffZoneRef version="any" ref="mybus:TariffZone:D"/>
									<structureFactors>
										<GeographicalStructureFactorRef version="any" ref="myfares:GeographicalStructureFactor:1zone"/>
									</structureFactors>
								</DistanceMatrixElement>
								<DistanceMatrixElement version="any" id="myfares:DistanceMatrixElement:D_to_P">
									<Name>Delta to Papa</Name>
									<StartTariffZoneRef version="any" ref="mybus:TariffZone:D"/>
									<EndTariffZoneRef version="any" ref="mybus:TariffZone:P"/>
									<structureFactors>
										<GeographicalStructureFactorRef version="any" ref="myfares:GeographicalStructureFactor:3zone"/>
									</structureFactors>
								</DistanceMatrixElement>
								<DistanceMatrixElement version="any" id="myfares:DistanceMatrixElement:D_to_Q">
									<Name>Delta to Quebec</Name>
									<StartTariffZoneRef version="any" ref="mybus:TariffZone:D"/>
									<EndTariffZoneRef version="any" ref="mybus:TariffZone:Q"/>
									<structureFactors>
										<GeographicalStructureFactorRef version="any" ref="myfares:GeographicalStructureFactor:2zone"/>
									</structureFactors>
								</DistanceMatrixElement>
								<DistanceMatrixElement version="any" id="myfares:DistanceMatrixElement:D_to_X">
									<Name>Delta to Xray</Name>
									<StartTariffZoneRef version="any" ref="mybus:TariffZone:D"/>
									<EndTariffZoneRef version="any" ref="mybus:TariffZone:X"/>
									<structureFactors>
										<GeographicalStructureFactorRef version="any" ref="myfares:GeographicalStructureFactor:4zone"/>
									</structureFactors>
								</DistanceMatrixElement>
								<DistanceMatrixElement version="any" id="myfares:DistanceMatrixElement:D_to_Y">
									<Name>Delta to Yankee</Name>
									<StartTariffZoneRef version="any" ref="mybus:TariffZone:D"/>
									<EndTariffZoneRef version="any" ref="mybus:TariffZone:Y"/>
									<structureFactors>
										<GeographicalStructureFactorRef version="any" ref="myfares:GeographicalStructureFactor:2zone"/>
									</structureFactors>
								</DistanceMatrixElement>
								<!--						 								
         A		B		C		D	  P	Q		X		Y  
	P   -      -    	 -      -     1	2		3		4 
 
-->
								<DistanceMatrixElement version="any" id="myfares:DistanceMatrixElement:P_to_P">
									<Name>Papa to Papa</Name>
									<StartTariffZoneRef version="any" ref="mybus:TariffZone:P"/>
									<EndTariffZoneRef version="any" ref="mybus:TariffZone:P"/>
									<structureFactors>
										<GeographicalStructureFactorRef version="any" ref="myfares:GeographicalStructureFactor:1zone"/>
									</structureFactors>
								</DistanceMatrixElement>
								<DistanceMatrixElement version="any" id="myfares:DistanceMatrixElement:P_to_Q">
									<Name>Papa to Quebec</Name>
									<StartTariffZoneRef version="any" ref="mybus:TariffZone:P"/>
									<EndTariffZoneRef version="any" ref="mybus:TariffZone:Q"/>
									<structureFactors>
										<GeographicalStructureFactorRef version="any" ref="myfares:GeographicalStructureFactor:2zone"/>
									</structureFactors>
								</DistanceMatrixElement>
								<DistanceMatrixElement version="any" id="myfares:DistanceMatrixElement:P_to_X">
									<Name>Papato Xray</Name>
									<StartTariffZoneRef version="any" ref="mybus:TariffZone:A"/>
									<EndTariffZoneRef version="any" ref="mybus:TariffZone:X"/>
									<structureFactors>
										<GeographicalStructureFactorRef version="any" ref="myfares:GeographicalStructureFactor:3zone"/>
									</structureFactors>
								</DistanceMatrixElement>
								<DistanceMatrixElement version="any" id="myfares:DistanceMatrixElement:P_to_Y">
									<Name>Papa to Yankee</Name>
									<StartTariffZoneRef version="any" ref="mybus:TariffZone:P"/>
									<EndTariffZoneRef version="any" ref="mybus:TariffZone:Y"/>
									<structureFactors>
										<GeographicalStructureFactorRef version="any" ref="myfares:GeographicalStructureFactor:4zone"/>
									</structureFactors>
								</DistanceMatrixElement>
								<!--						 								
         A		B		C		D	  P	Q		X		Y   
	Q   -      -    	 -      -     -		1		3 		3
 
-->
								<DistanceMatrixElement version="any" id="myfares:DistanceMatrixElement:Q_to_Q">
									<Name>Quebec to Quebec</Name>
									<StartTariffZoneRef version="any" ref="mybus:TariffZone:Q"/>
									<EndTariffZoneRef version="any" ref="mybus:TariffZone:Q"/>
									<structureFactors>
										<GeographicalStructureFactorRef version="any" ref="myfares:GeographicalStructureFactor:1zone"/>
									</structureFactors>
								</DistanceMatrixElement>
								<DistanceMatrixElement version="any" id="myfares:DistanceMatrixElement:Q_to_X">
									<Name>Quebec to Xray</Name>
									<StartTariffZoneRef version="any" ref="mybus:TariffZone:Q"/>
									<EndTariffZoneRef version="any" ref="mybus:TariffZone:X"/>
									<structureFactors>
										<GeographicalStructureFactorRef version="any" ref="myfares:GeographicalStructureFactor:3zone"/>
									</structureFactors>
								</DistanceMatrixElement>
								<DistanceMatrixElement version="any" id="myfares:DistanceMatrixElement:Q_to_Y">
									<Name>Quebec to Yankee</Name>
									<StartTariffZoneRef version="any" ref="mybus:TariffZone:Q"/>
									<EndTariffZoneRef version="any" ref="mybus:TariffZone:Y"/>
									<structureFactors>
										<GeographicalStructureFactorRef version="any" ref="myfares:GeographicalStructureFactor:3zone"/>
									</structureFactors>
								</DistanceMatrixElement>
								<!--						 								
         A		B		C		D	  P	Q		X		Y    
	X   -      -    	 -      -     -		-		1 		2
-->
								<DistanceMatrixElement version="any" id="myfares:DistanceMatrixElement:X_to_X">
									<Name>Xray to  Xray</Name>
									<StartTariffZoneRef version="any" ref="mybus:TariffZone:X"/>
									<EndTariffZoneRef version="any" ref="mybus:TariffZone:X"/>
									<structureFactors>
										<GeographicalStructureFactorRef version="any" ref="myfares:GeographicalStructureFactor:1zone"/>
									</structureFactors>
								</DistanceMatrixElement>
								<DistanceMatrixElement version="any" id="myfares:DistanceMatrixElement:X_to_Y">
									<Name>Xray   to Yankee</Name>
									<StartTariffZoneRef version="any" ref="mybus:TariffZone:X"/>
									<EndTariffZoneRef version="any" ref="mybus:TariffZone:Y"/>
									<structureFactors>
										<GeographicalStructureFactorRef version="any" ref="myfares:GeographicalStructureFactor:2zone"/>
									</structureFactors>
								</DistanceMatrixElement>
								<!--						 								
         A		B		C		D	  P	Q		X		Y    
	X   -      -    	 -      -     -		-		- 		2
-->
								<DistanceMatrixElement version="any" id="myfares:DistanceMatrixElement:Y_to_Y">
									<Name>Yankee  to  Yankee</Name>
									<StartTariffZoneRef version="any" ref="mybus:TariffZone:Y"/>
									<EndTariffZoneRef version="any" ref="mybus:TariffZone:Y"/>
									<structureFactors>
										<GeographicalStructureFactorRef version="any" ref="myfares:GeographicalStructureFactor:1zone"/>
									</structureFactors>
								</DistanceMatrixElement>
							</distanceMatrixElements>
						</Tariff>
					</tariffs>
					<!--- ====Fare Usage Parameters======= -->
					<usageParameters>
						<UsageValidityPeriod version="any" id="myfares:UsageValidityPeriod:endOfRide">
							<Name>Valid untile ride complete</Name>
							<UsageEnd>endOfRide</UsageEnd>
						</UsageValidityPeriod>
						<FrequencyOfUse version="any" id="myfares:FrequencyOfUse:oneTrip">
							<Name>Single use Unlimited transfers    </Name>
							<FrequencyOfUseType>single</FrequencyOfUseType>
							<MinimalFrequency>1</MinimalFrequency>
							<MaximalFrequency>1</MaximalFrequency>
						</FrequencyOfUse>
						<UserProfile version="any" id="myfares:UserProfile:adult">
							<Name>Adult Fare</Name>
							<TypeOfConcessionRef version="any" ref="myfares:TypeOfConcession:adult"/>
							<MinimumAge>17</MinimumAge>
						</UserProfile>
						<UserProfile version="any" id="myfares:UserProfile:child">
							<Name>Child Fare</Name>
							<prices>
								<UsageParameterPrice version="any" id="myfares:UsageParameterPrice:child">
									<Name>Child discount - all fares</Name>
									<DiscountingRuleRef version="any" ref="myfares:DiscountingRule:50%"/>
									<UserProfileRef version="any" ref="myfares:UserProfile:child"/>
								</UsageParameterPrice>
							</prices>
							<TypeOfConcessionRef version="any" ref="myfares:TypeOfConcession:child"/>
							<MaximumAge>16</MaximumAge>
						</UserProfile>
					</usageParameters>
					<!--- ====Fare Product======= -->
					<fareProducts>
						<!--- ====ADULT fares==== -->
						<AmountOfPriceUnitProduct version="any" id="myfares:AmountOfPriceUnitProduct:unitZone">
							<Name>  Zone Pass  </Name>
							<validityParameterAssignments>
								<GenericParameterAssignment version="any" order="1" id="myfares:GenericParameterAssignment:unitZone@Conditions">
									<limitations>
										<UsageValidityPeriodRef version="any" ref="myfares:UsageValidityPeriod:endOfRide"/>
										<FrequencyOfUseRef version="any" ref="myfares:FrequencyOfUse:oneTrip"/>
									</limitations>
								</GenericParameterAssignment>
								<GenericParameterAssignment version="any" order="2" id="myfares:GenericParameterAssignment:unitZone@UserProfile">
									<Name>Adult over 17 or under</Name>
									<LimitationGroupingType>OR</LimitationGroupingType>
									<limitations>
										<UserProfileRef version="any" ref="myfares:UserProfile:adult"/>
										<UserProfileRef version="any" ref="myfares:UserProfile:child"/>
									</limitations>
								</GenericParameterAssignment>
								 
									 
										
																	</validityParameterAssignments>
							<!--- ====VALIDABLE ELEMENTs====== -->
							<validableElements>
								<ValidableElement version="any" id="myfares:ValidableElement:singleRide">
									<Name>Single  ride</Name>
									<fareStructureElements>
										<FareStructureElementRef version="any" ref="myfares:FareStructureElement:zoneHop"/>
									</fareStructureElements>
								</ValidableElement>
							</validableElements>
							<!--- ====ACCESS RIGHTs======= -->
							<accessRightsInProduct>
								<AccessRightInProduct version="any" id="myfares:AccessRightInProduct:unitZone" order="1">
									<Name>  ride</Name>
									<ValidableElementRef version="any" ref="myfares:ValidableElement:singleRide"/>
									
								</AccessRightInProduct>
							</accessRightsInProduct>
							<PriceUnitRef version="any" ref="myfares:PriceUnit:pu"/>
						</AmountOfPriceUnitProduct>
					</fareProducts>
				</FareFrame>
				<!--- ====RESOURCE FRAME===== -->
				<ResourceFrame version="any" id="myfares:ResourceFrame:RS1">
					<typesOfValue>
						<ValueSet version="any" id="myfares:ValueSet:TypeOfConcession">
							<Name>Types of concession</Name>
							<values>
								<!--- ====TypeOfConcession method========= -->
								<TypeOfConcession version="any" id="myfares:TypeOfConcession:adult">
									<Name>Adult</Name>
								</TypeOfConcession>
								<TypeOfConcession version="any" id="myfares:TypeOfConcession:child">
									<Name>Student</Name>
								</TypeOfConcession>
							</values>
						</ValueSet>
					</typesOfValue>
				</ResourceFrame>
			</frames>
		</CompositeFrame>
	</dataObjects>
</PublicationDelivery>
