<?xml version="1.0" encoding="iso-8859-1"?>
<PublicationDelivery version="1.0" xsi:schemaLocation="http://www.netex.org.uk/netex ../../../xsd/NeTEx_publication.xsd" xmlns="http://www.netex.org.uk/netex"   xmlns:xsi="http://www.w3.org/2001/XMLSchema-instance" >
	<PublicationTimestamp>2001-12-17T09:30:47.0Z</PublicationTimestamp>
	<ParticipantRef>SYS001</ParticipantRef>
	<!--- =============== RESULTS =========== -->
	<dataObjects>
		<ServiceFrame version="any" id="SVF004">
		<!--- ======= CODESPACEs======== -->
			<codespaces>
				<Codespace id="mybus">
					<Xmlns>mybus</Xmlns>
					<XmlnsUrl>http://www.mybus.fr/</XmlnsUrl>
					<Description>My buses</Description>
				</Codespace>  
			</codespaces>
			<!--- =======FRAME DEFAULTS======== -->
			<FrameDefaults>
				<DefaultCodespaceRef ref="mybus"/>
			</FrameDefaults>		
		
			<scheduledStopPoints> 
				<ScheduledStopPoint version="032" created="2000-12-17T09:30:47.0Z" changed="2002-12-17T09:30:47.0Z" id="SSP0042A">
					
					<Name>Poste, St Jean</Name>
					<Location>
						<Longitude>-0.2071397147</Longitude>
						<Latitude>51.4217482061</Latitude>
					</Location>
					<VehicleModes>bus</VehicleModes>
				</ScheduledStopPoint>
				<ScheduledStopPoint version="032" created="2000-12-17T11:30:47.0Z" changed="2002-12-17T09:32:47.0Z" id="SNCF0047">
					<Name>Gare, St Jean</Name>
					<Location>
						<Longitude>-0.2071397153</Longitude>
						<Latitude>51.4217482054</Latitude>
					</Location>
					<VehicleModes>rail</VehicleModes>
				</ScheduledStopPoint>
			</scheduledStopPoints>
		</ServiceFrame>
	</dataObjects>
</PublicationDelivery>
