<?xml version="1.0" encoding="iso-8859-1"?>
<!-- ==== SImple POI Example ====== 
This Example provides an example of a POINT OF INTEREST CLASSIFICATION HIERARCHY
    It comprises
   1. POINT OF INTEREST CLASSIFICATIONs  : a list of named POI types 
			All	
			Football Stadium
			Gallery
			Ice Rink
			Museum
			Rugby Stadium
			Sports Facility
			Stadium

Tourist Attraction
   2. POINT OF INTEREST CLASSIFICATION HIERARCHies
        Two different hierarchie sthat organize the Classifications in different ways
       (ii) All attarctions 
		    All
			.. Tourist Attraction
			.... Museum
			.... Gallery
			.. Sports Facility
			.... Stadium
			...... Football Stadium
			...... Rugby Stadium
			....Ice Rink
 
        (ii) 4 Sports only
			.. Sports Facility
			.....Football Stadium
			.....Rugby Stadium
			.....Ice Rink

 
(C) CEN Copyright 2010-2012
-->
<PublicationDelivery version="1.0" xsi:schemaLocation="http://www.netex.org.uk/netex ../../../xsd/NeTEx_publication.xsd" xmlns="http://www.netex.org.uk/netex" xmlns:siri="http://www.siri.org.uk/siri" xmlns:xsi="http://www.w3.org/2001/XMLSchema-instance" xmlns:hde="http://www.halt.de/" xmlns:mybus="http://www.mybus.fr/" xmlns:nap="http://www.naptan.org.uk/">
	<PublicationTimestamp>2001-12-17T09:30:47.0Z</PublicationTimestamp>
	<ParticipantRef>SYS001</ParticipantRef>
	<!--- ======WHAT WAS REQUESTED ========== -->
	<PublicationRequest version="1.0">
		<RequestTimestamp>2001-12-17T09:30:47.0Z</RequestTimestamp>
		<ParticipantRef>SYS002</ParticipantRef>
	</PublicationRequest>
	<PublicationRefreshInterval>PT5M0S</PublicationRefreshInterval>
	<!--- =============== RESULTS =========== -->
	<dataObjects>
		<!-- ==== -->
		<SiteFrame version="any" id="poix:SiteFrame:Frclass01">
			<Name>Poi Classifications</Name>
			<!--- ======= CODESPACEs======== -->
			<codespaces>
				<Codespace id="poix">
					<Xmlns>poix</Xmlns>
					<XmlnsUrl>http://www.poininfo.eu/stuff</XmlnsUrl>
					<Description>Point of Inteset data</Description>
				</Codespace>
			</codespaces>
			<!--- =======FRAME DEFAULTS======== -->
			<FrameDefaults>
				<DefaultCodespaceRef ref="poix"/>
				<DefaultResponsibilitySetRef ref="poix:001">EXTERNAL</DefaultResponsibilitySetRef>
			</FrameDefaults>
			<pointOfInterestClassifications>
				<PointOfInterestClassification version="any" id="poix:PointOfInterestClassification:Cl000">
					<Name>All</Name>
				</PointOfInterestClassification>
				<PointOfInterestClassification version="any" id="poix:PointOfInterestClassification:Cl001">
					<Name>Tourist Attraction</Name>
					<ShortName>Attraction</ShortName>
				</PointOfInterestClassification>
				<PointOfInterestClassification version="any" id="poix:PointOfInterestClassification:Cl002">
					<Name>Museum</Name>
					<ShortName>Museum</ShortName>
				</PointOfInterestClassification>
				<PointOfInterestClassification version="any" id="poix:PointOfInterestClassification:Cl003">
					<Name>Art Galleriy</Name>
					<ShortName>Gallery</ShortName>
				</PointOfInterestClassification>
				<PointOfInterestClassification version="any" id="poix:PointOfInterestClassification:Cl004">
					<Name>Sports Facility</Name>
					<ShortName>Sports Facility</ShortName>
				</PointOfInterestClassification>
				<PointOfInterestClassification version="any" id="poix:PointOfInterestClassification:Cl005">
					<Name>Football Stadium</Name>
					<ShortName>Football</ShortName>
				</PointOfInterestClassification>
				<PointOfInterestClassification version="any" id="poix:PointOfInterestClassification:Cl006">
					<Name>Rugby Stadium</Name>
					<ShortName>Rugby</ShortName>
				</PointOfInterestClassification>
				<PointOfInterestClassification version="any" id="poix:PointOfInterestClassification:Cl007">
					<Name>Ice Rink</Name>
					<ShortName>Ice Rink</ShortName>
				</PointOfInterestClassification>
				<PointOfInterestClassification version="any" id="poix:PointOfInterestClassification:Cl008">
					<Name>Stadium</Name>
					<ShortName>Stadium</ShortName>
				</PointOfInterestClassification>
				<PointOfInterestClassification version="any" id="poix:PointOfInterestClassification:Cl009">
					<Name>Icerink</Name>
					<ShortName>Icerink</ShortName>
				</PointOfInterestClassification>
			</pointOfInterestClassifications>
			<!-- ==== -->
			<pointOfInterestClassificationHierarchies>
				<PointOfInterestClassificationHierarchy version="any" id="poix:PointOfInterestClassificationHierarchy:hm_1">
					<Name>Main Hierarchy</Name>
					<members>
						<ClassificationHierarchyMember id="poix:PointOfInterestClassificationHierarchy:hm_1_00">
							<!--  All / Tourist attraction /  -->
							<ParentClassificationRef version="any" ref="poix:PointOfInterestClassification:Cl000"/>
							<PointOfInterestClassificationRef version="any" ref="poix:PointOfInterestClassification:Cl001"/>
						</ClassificationHierarchyMember>
						<ClassificationHierarchyMember id="poix:PointOfInterestClassificationHierarchy:hm_1_01">
							<!--  Attraction /Museum /  -->
							<ParentClassificationRef version="any" ref="poix:PointOfInterestClassification:Cl001"/>
							<PointOfInterestClassificationRef version="any" ref="poix:PointOfInterestClassification:Cl002"/>
						</ClassificationHierarchyMember>
						<ClassificationHierarchyMember id="poix:PointOfInterestClassificationHierarchy:hm_1_02">
							<!--  Attraction /Gallery /  -->
							<ParentClassificationRef version="any" ref="poix:PointOfInterestClassification:Cl001"/>
							<PointOfInterestClassificationRef version="any" ref="poix:PointOfInterestClassification:Cl003"/>
						</ClassificationHierarchyMember>
						<ClassificationHierarchyMember id="poix:PointOfInterestClassificationHierarchy:hm_1_00">
							<!--  All / Sports /  -->
							<ParentClassificationRef version="any" ref="poix:PointOfInterestClassification:Cl000"/>
							<PointOfInterestClassificationRef version="any" ref="poix:PointOfInterestClassification:Cl004"/>
						</ClassificationHierarchyMember>
						<ClassificationHierarchyMember id="poix:PointOfInterestClassificationHierarchy:hm_1_03">
							<!--  Sports  / Stadium /  -->
							<ParentClassificationRef version="any" ref="poix:PointOfInterestClassification:Cl004"/>
							<PointOfInterestClassificationRef version="any" ref="poix:PointOfInterestClassification:Cl008"/>
						</ClassificationHierarchyMember>
						<ClassificationHierarchyMember id="poix:PointOfInterestClassificationHierarchy:hm_1_04">
							<!--  Stadium  / Football /  -->
							<ParentClassificationRef version="any" ref="poix:PointOfInterestClassification:Cl008"/>
							<PointOfInterestClassificationRef version="any" ref="poix:PointOfInterestClassification:Cl005"/>
						</ClassificationHierarchyMember>
						<ClassificationHierarchyMember id="poix:PointOfInterestClassificationHierarchy:hm_1_05">
							<!--  Stadium  / Rugby /  -->
							<ParentClassificationRef version="any" ref="poix:PointOfInterestClassification:Cl008"/>
							<PointOfInterestClassificationRef version="any" ref="poix:PointOfInterestClassification:Cl006"/>
						</ClassificationHierarchyMember>
						<ClassificationHierarchyMember id="poix:PointOfInterestClassificationHierarchy:hm_1_06">
							<!--  Sports  / Icerink /  -->
							<ParentClassificationRef version="any" ref="poix:PointOfInterestClassification:Cl004"/>
							<PointOfInterestClassificationRef version="any" ref="poix:PointOfInterestClassification:Cl009"/>
						</ClassificationHierarchyMember>
					</members>
				</PointOfInterestClassificationHierarchy>
				<PointOfInterestClassificationHierarchy version="any" id="poix:PointOfInterestClassificationHierarchy:hm_2">
					<Name>Sports Hierarchy</Name>
					<members>
						<ClassificationHierarchyMember id="poix:PointOfInterestClassificationHierarchy:hm_2_01">
							<!--  Sports  / Football /  -->
							<ParentClassificationRef version="any" ref="poix:PointOfInterestClassification:Cl004"/>
							<PointOfInterestClassificationRef version="any" ref="poix:PointOfInterestClassification:Cl005"/>
						</ClassificationHierarchyMember>
						<ClassificationHierarchyMember id="poix:PointOfInterestClassificationHierarchy:hm_2_02">
							<!--  Sports  / Rugby /  -->
							<ParentClassificationRef version="any" ref="poix:PointOfInterestClassification:Cl004"/>
							<PointOfInterestClassificationRef version="any" ref="poix:PointOfInterestClassification:Cl006"/>
						</ClassificationHierarchyMember>
						<ClassificationHierarchyMember id="poix:PointOfInterestClassificationHierarchy:hm_2_03">
							<!--  Sports  / Icerink /  -->
							<ParentClassificationRef version="any" ref="poix:PointOfInterestClassification:Cl004"/>
							<PointOfInterestClassificationRef version="any" ref="poix:PointOfInterestClassification:Cl009"/>
						</ClassificationHierarchyMember>
					</members>
				</PointOfInterestClassificationHierarchy>
			</pointOfInterestClassificationHierarchies>
			<!-- ====e ====  -->
		</SiteFrame>
	</dataObjects>
</PublicationDelivery>
