<?xml version="1.0" encoding="iso-8859-1"?>
<!-- ==== SImple Network Example ====== 
This Example encodes the example JOURNEY PATTERNs from 
NetexJourneyPatternsDoc  from KBIC   28 06 09  

Includes the following: 

* Different RESPONSIBILITY SETs & CODESPACEs
		 spq:ResponsibilitySet:RS_02 ;   SERVICE PATTERN owner
		 tim:RS_03,     TIMING PATTERN owner 
		 spq::RS_01    STOP PLACEs and route owner
     
* SCHEDULED STOP POINTs 
       SSP1,-SSP2, SSP3,SSA4, SSP5, SSP6, SSP7, SSPY,  SSP9  

* SERVICE PATTERN outbound 
         SvP001o: SSP1 - SSP2 - SSP3 - SSA4 - SSP5 - SSP6 - SSP7   - SSPY - SSP9  
   
* TIMING PATTERN outbound
   TP001o:  TP1 - TP2=SSP1 - TP� - TP4 - TP5 - TP6=SSP9
      TL_1to2,  TL_2to3,  Tl_3to4, TL_4to5,  TL5to6, 

* ROUTEs in each DIRECTION: : ROUTE POINTs are centreline of road. 
        PoR1 - PoR2 - PoR3 - PoR4 - PoR5 - PoR6 - PoR7 - PoR8 - PoR9 - PoR10
		 RT001o    seven  points  rpA - [rp21 - rpBa - rp22 -rp2 5 - rpCa  - rpD
        RL_1to2 - RL_2to3 - RL_3to4 - RL_5to6, RL_6to7, RL_ 7to8, Rl_8to9, Rl_9to10
* JOURNEY PATTERN 
 
        JP001o      TP1, TP2=SSP1 - SSP2 - SSP3 - TP3 -  SSA4 - SSP5 -  SSP6 - TP4 - TP5 - SSP7  - SSP8 - TP6=SSP9
  
* PROJECTIONs
   - TIMING PATTERN to ROUTE 
       TIMING POINTs  projected onto ROUTE POINTs
        TP1 :: PoR1,  TP2 ::> Por2 ,  TP3 ::> Por5     TP4 ::> Por8,  TP5 ::> [RL_8to9, d1] ,   TP6 ::> Por10 
        TL_1to2 
    -  TIMING LINKs Projected onto ROUTE LINKs
         TL_1to2 :::>  [RL_1to2, 0,0 ]
         TL_2to3  ::> [RL_2to3, 0,0 ],  [RL_3to4, 0,0 ], [RL_4to5, 0,0 ], 
        TL_3to4   ::> [RL_5to6, 0,0 ],   [RL_6to7, 0.0 ], [RL_7to8, 0.0 ],  
        TL_4to5 ::>, [RL_7to8, 0.0 ],   [RL_8to9, 0.d1 ], 
		 TL5to6 ::> [RL_8to9, d1,.0 ],   [RL_9to10, 0,0 ]
   - SERVICE PATTERN to Route 
       SERVICE POINTs  Projected onto ROUTE POINTs
        SSP1 ::> PoR1, 
        SSP2 ::>[RL_1to2, d1] ,  
        SSP3 ::> [RL_3to5, d1]      
        SSP4 ::> [RL_5to6, d1] , 
        SSP5 ::> [RL_7to8, d1] , 
         SSP6 ::> [RL_8to9, d1] , 
        SSP7 ::> [RL_9to10, d1] , 
        SSP8 ::>  [RL_9to10, d2] , 
        SSP9::> Por10 
      SERVICE LINKs Projected onto ROUTE LINKs
         sL_1to2:::>  [RL_2to3, 0,d1 ]
         SL_2to3 ::> [RL_2to3, d1,0 ],  [RL_3to4, 0,0 ], [RL_4to5, 0,d2 ], 
        Sl_3to4 ::> [RL_4to5, d2 , 0 ], [RL_5to6, 0,d3 ],   
        SL_4to5 ::> [RL_5to6, d3,0],  [RL_6to7, 0.0 ],RL_7to8, 0, d4 ],  
		 SL5to6::>[RL_7to8, d4., 0 ],  [RL_8to9,  0,.d5 ],   [ 
	    SL6to7::> [RL_8to9,  d5,.0 ],   [RL_9to10, 0,d6 ] 
	    SL7to8::>    [RL_9to10, d6,d7]  
	    SL8to9::>    [RL_9to10, d7,0]   

* Features
    Rue de Paris - Rue de L'est, Route De La Reine - Rue Thiery... etc etc 

* ROAD ELEMENTs / Road Junctions

* STOP PLACEs    
         SP1, SP2 , SP3 ,SP4, SP5, SSP6, -  SP7,  -SP8 SP9  
   -  QUAYs  
         SSP1, SSP2, SSP3, SSA4, SSP5, SSP6, SSP7, SSPY,  SSP9  

* STOP ASSIGNMENTs
          ssp:ScheduledStopPoint:SSP1=spq:Quay:SSP1 etc
-->
<PublicationDelivery version="1.0" xsi:schemaLocation="http://www.netex.org.uk/netex ../../../xsd/NeTEx_publication.xsd" xmlns="http://www.netex.org.uk/netex" xmlns:gml="http://www.opengis.net/gml/3.2" xmlns:siri="http://www.siri.org.uk/siri" xmlns:xsi="http://www.w3.org/2001/XMLSchema-instance">
	<PublicationTimestamp>2010-12-17T09:30:47.0Z</PublicationTimestamp>
	<ParticipantRef>SYS001</ParticipantRef>
	<!--- ======WHAT WAS REQUESTED ========== -->
	<PublicationRequest version="1.0">
		<RequestTimestamp>2010-12-17T09:30:47.0Z</RequestTimestamp>
		<ParticipantRef>SYS002</ParticipantRef>
		<topics>
			<NetworkFrameTopic>
				<Current/>
				<CompositeFrameRef ref="spqes:Fr1234"/>
			</NetworkFrameTopic>
		</topics>
	</PublicationRequest>
	<PublicationRefreshInterval>P7D</PublicationRefreshInterval>
	<Description>Netex simple Paris Network Example</Description>
	<!--- =============== RESULTS =========== -->
	<dataObjects>
		<CompositeFrame version="1" id="spqes:CompositeFrame:Fr1234">
			<!--- ======= CODESPACEs======== -->
			<codespaces>
				<Codespace id="spq">
					<Xmlns>spq</Xmlns>
					<XmlnsUrl>http://www.spqes.eu/stuff</XmlnsUrl>
					<Description>My buses</Description>
				</Codespace>
				<Codespace id="hde">
					<Xmlns>hde</Xmlns>
					<XmlnsUrl>http://www.halt.de/</XmlnsUrl>
					<Description>Stop data  data</Description>
				</Codespace>
				<Codespace id="gis">
					<Xmlns>gis</Xmlns>
					<XmlnsUrl>http://www.gisdata.com/data</XmlnsUrl>
					<Description>Gis data </Description>
				</Codespace>
			</codespaces>
			<!--- =======FRAME DEFAULTS======== -->
			<FrameDefaults>
				<DefaultCodespaceRef ref="spq"/>
			</FrameDefaults>
			<frames>
				<ResourceFrame version="any" id="spq:ResourceFrame:Fr1234">
					<responsibilitySets>
						<!--- =====Responsibiliity====== -->
						<ResponsibilitySet created="2010-05-17T09:30:47Z" modification="revise" changed="2010-05-17T09:30:47Z" version="2.0" id="spq:ResponsibilitySet:RS_01">
							<Name>Responsible for STOP PLACEs</Name>
							<roles>
								<ResponsibilityRoleAssignment created="2010-05-17T09:30:47Z" id="spq:ResponsibilityRoleAssignment:RS_01_01"  version="2.0">
									<DataRoleType>collects</DataRoleType>
								</ResponsibilityRoleAssignment>
							</roles>
						</ResponsibilitySet>
						<ResponsibilitySet created="2010-05-17T09:30:47Z" modification="revise" changed="2010-05-17T09:30:47Z" version="3.0" id="spq:ResponsibilitySet:RS_02">
							<Name>Responsible for SERVICE PATTERN.</Name>
							<roles>
								<ResponsibilityRoleAssignment created="2010-05-17T09:30:47Z" id="spq:ResponsibilityRoleAssignment:RS_02_01"  version="3.0">
									<DataRoleType>collects</DataRoleType>
								</ResponsibilityRoleAssignment>
							</roles>
						</ResponsibilitySet>
						<ResponsibilitySet created="2010-05-17T09:30:47Z" modification="revise" changed="2010-05-17T09:30:47Z" version="1.1" id="spq:ResponsibilitySet:RS_03">
							<Name>Responsible for TIMING PATTERN.</Name>
							<roles>
								<ResponsibilityRoleAssignment created="2010-05-17T09:30:47Z" id="spq:ResponsibilityRoleAssignment:RS_03_01"  version="1.1">
									<DataRoleType>collects</DataRoleType>
								</ResponsibilityRoleAssignment>
							</roles>
						</ResponsibilitySet>
					</responsibilitySets>
				</ResourceFrame>
				<SiteFrame version="any" id="spq:SiteFrame:Fr1234">
					<FrameDefaults>
						<DefaultResponsibilitySetRef ref="spq:ResponsibilitySet:RS_02"/>
					</FrameDefaults>
					<stopPlaces>
						<!--- === STOP PLACEs======== -->
						<StopPlace version="any" created="2006-09-11T15:42:00" id="spq:StopPlace:SP1">
							<Name>Stop 1</Name>
							<ShortName>Stop 1 Rue de Paris</ShortName>
							<Centroid>
								<Location>
									<gml:pos srsName="EPSG:9801">524811 	 170666</gml:pos>
								</Location>
							</Centroid>
							<RoadAddress version="any" id="spq:RoadAddress:Addr_SP1_01">
								<RoadName>Rue de Paris</RoadName>
							</RoadAddress>
							<TransportMode>bus</TransportMode>
							<StopPlaceType>onstreetBus</StopPlaceType>
							<quays>
								<Quay version="any" created="2010-04-17T09:30:47Z" id="spq:Quay:SSP1">
									<Name>Stop 1</Name>
									<Centroid>
										<Location>
											<Longitude>-0.2071397147</Longitude>
											<Latitude>51.4217482061</Latitude>
										</Location>
									</Centroid>
									<Covered>outdoors</Covered>
									<Label>Stop 1</Label>
									<CompassOctant>S</CompassOctant>
									<QuayType>busStop</QuayType>
								</Quay>
							</quays>
						</StopPlace>
						<StopPlace version="any" created="2006-09-11T15:42:00" id="spq:StopPlace:SP2">
							<Name>Stop 2</Name>
							<ShortName>Stop 2 Eue de l'est</ShortName>
							<Centroid>
								<Location>
									<gml:pos srsName="EPSG:9801">524811 	 170666 </gml:pos>
								</Location>
							</Centroid>
							<RoadAddress version="any" id="spq:RoadAddress:Addr_SP2_01">
								<RoadName>Rue de Paris</RoadName>
							</RoadAddress>
							<TransportMode>bus</TransportMode>
							<StopPlaceType>onstreetBus</StopPlaceType>
							<quays>
								<Quay version="any" created="2010-04-17T09:30:47Z" id="spq:Quay:SSP2">
									<Name>Stop 2</Name>
									<Centroid>
										<Location>
											<Longitude>-0.2071397147</Longitude>
											<Latitude>51.4217482061</Latitude>
										</Location>
									</Centroid>
									<Covered>outdoors</Covered>
									<Label>Stop 2</Label>
									<CompassOctant>S</CompassOctant>
									<QuayType>busStop</QuayType>
								</Quay>
							</quays>
						</StopPlace>
						<StopPlace version="any" created="2006-09-11T15:42:00" id="spq:StopPlace:SP3">
							<Name>Stop 3</Name>
							<ShortName>Stop 3 Rue Galieni</ShortName>
							<Centroid>
								<Location>
									<gml:pos srsName="EPSG:9801">524811 	 170666 </gml:pos>
								</Location>
							</Centroid>
							<RoadAddress version="any" id="spq:RoadAddress:Addr_SP3_01">
								<RoadName>Rue Thiere</RoadName>
							</RoadAddress>
							<TransportMode>bus</TransportMode>
							<StopPlaceType>onstreetBus</StopPlaceType>
							<quays>
								<Quay version="any" created="2010-04-17T09:30:47Z" id="spq:Quay:SSP3">
									<Name>Stop 3</Name>
									<Centroid>
										<Location>
											<Longitude>-0.2071397147</Longitude>
											<Latitude>51.4217482061</Latitude>
										</Location>
									</Centroid>
									<Covered>outdoors</Covered>
									<Label>Stop 3</Label>
									<CompassOctant>S</CompassOctant>
									<QuayType>busStop</QuayType>
								</Quay>
							</quays>
						</StopPlace>
						<StopPlace version="any" created="2006-09-11T15:42:00" id="spq:StopPlace:SP4">
							<Name>Stop 4</Name>
							<ShortName>Stop 4 Rue du Dome</ShortName>
							<Centroid>
								<Location>
									<gml:pos srsName="EPSG:9801">524811 	 170666 </gml:pos>
								</Location>
							</Centroid>
							<RoadAddress version="any" id="spq:RoadAddress:Addr_SP4_04">
								<RoadName>Rue Thiere</RoadName>
							</RoadAddress>
							<TransportMode>bus</TransportMode>
							<StopPlaceType>onstreetBus</StopPlaceType>
							<quays>
								<Quay version="any" created="2010-04-17T09:30:47Z" id="spq:Quay:SSP4">
									<Name>Stop 4</Name>
									<Centroid>
										<Location>
											<Longitude>-0.2071397147</Longitude>
											<Latitude>51.4217482061</Latitude>
										</Location>
									</Centroid>
									<Covered>outdoors</Covered>
									<Label>Stop 4</Label>
									<CompassOctant>S</CompassOctant>
									<QuayType>busStop</QuayType>
								</Quay>
							</quays>
						</StopPlace>
						<StopPlace version="any" created="2006-09-11T15:42:00" id="spq:StopPlace:SP5">
							<Name>Stop 5</Name>
							<ShortName>Stop 5 Rue d'Issy</ShortName>
							<Centroid>
								<Location>
									<gml:pos srsName="EPSG:9801">524811 	 170666 </gml:pos>
								</Location>
							</Centroid>
							<RoadAddress version="any" id="spq:RoadAddress:Addr_SP5_01">
								<RoadName>Rue d'Issy</RoadName>
							</RoadAddress>
							<TransportMode>bus</TransportMode>
							<StopPlaceType>onstreetBus</StopPlaceType>
							<quays>
								<Quay version="any" created="2010-04-17T09:30:47Z" id="spq:Quay:SSP5">
									<Name>Stop 5</Name>
									<Centroid>
										<Location>
											<Longitude>-0.2071397147</Longitude>
											<Latitude>51.4217482061</Latitude>
										</Location>
									</Centroid>
									<Covered>outdoors</Covered>
									<Label>Stop 5</Label>
									<CompassOctant>S</CompassOctant>
									<QuayType>busStop</QuayType>
								</Quay>
							</quays>
						</StopPlace>
						<StopPlace version="any" created="2006-09-11T15:42:00" id="spq:StopPlace:SP6">
							<Name>Stop 6</Name>
							<ShortName>Stop 6 Boulevard Jean Juares</ShortName>
							<Centroid>
								<Location>
									<gml:pos srsName="EPSG:9801">524811 	 170666 </gml:pos>
								</Location>
							</Centroid>
							<RoadAddress version="any" id="spq:RoadAddress:Addr_SP6_01">
								<RoadName>Boulevard Jean Juares</RoadName>
							</RoadAddress>
							<TransportMode>bus</TransportMode>
							<StopPlaceType>onstreetBus</StopPlaceType>
							<quays>
								<Quay version="any" created="2010-04-17T09:30:47Z" id="spq:Quay:SSP6">
									<Name>Stop 6</Name>
									<Centroid>
										<Location>
											<Longitude>-0.2071397147</Longitude>
											<Latitude>51.4217482061</Latitude>
										</Location>
									</Centroid>
									<Covered>outdoors</Covered>
									<Label>Stop6</Label>
									<CompassOctant>S</CompassOctant>
									<QuayType>busStop</QuayType>
								</Quay>
							</quays>
						</StopPlace>
						<StopPlace version="any" created="2006-09-11T15:42:00" id="spq:StopPlace:SP7">
							<Name>Stop 7</Name>
							<ShortName>Stop 7 Boulogne Billancourt</ShortName>
							<Centroid>
								<Location>
									<gml:pos srsName="EPSG:9801">524811 	 170666 </gml:pos>
								</Location>
							</Centroid>
							<RoadAddress version="any" id="spq:RoadAddress:Addr_SP7_01">
								<RoadName>Avenue de General Leclerc</RoadName>
							</RoadAddress>
							<TransportMode>bus</TransportMode>
							<StopPlaceType>onstreetBus</StopPlaceType>
							<quays>
								<Quay version="any" created="2010-04-17T09:30:47Z" id="spq:Quay:SSP7">
									<Name>Stop 7</Name>
									<Centroid>
										<Location>
											<Longitude>-0.2071397147</Longitude>
											<Latitude>51.4217482061</Latitude>
										</Location>
									</Centroid>
									<Covered>outdoors</Covered>
									<Label>Stop 7</Label>
									<CompassOctant>S</CompassOctant>
									<QuayType>busStop</QuayType>
								</Quay>
							</quays>
						</StopPlace>
						<StopPlace version="any" created="2006-09-11T15:42:00" id="spq:StopPlace:SP8">
							<Name>Stop 8</Name>
							<ShortName>Stop 8</ShortName>
							<Centroid>
								<Location>
									<gml:pos srsName="EPSG:9801">524811 	 170666 </gml:pos>
								</Location>
							</Centroid>
							<RoadAddress version="any" id="spq:RoadAddress:Addr_SP8_01">
								<RoadName>Avenue de General Leclerc</RoadName>
							</RoadAddress>
							<TransportMode>bus</TransportMode>
							<StopPlaceType>onstreetBus</StopPlaceType>
							<quays>
								<Quay version="any" created="2010-04-17T09:30:47Z" id="spq:Quay:SSP8">
									<Name>Stop 8</Name>
									<Centroid>
										<Location>
											<Longitude>-0.2071397147</Longitude>
											<Latitude>51.4217482061</Latitude>
										</Location>
									</Centroid>
									<Covered>outdoors</Covered>
									<Label>Stop 8</Label>
									<CompassOctant>S</CompassOctant>
									<QuayType>busStop</QuayType>
								</Quay>
							</quays>
						</StopPlace>
						<StopPlace version="any" created="2006-09-11T15:42:00" id="spq:StopPlace:SP9">
							<Name>Stop 9</Name>
							<ShortName>Stop 9 Pont de Sevres</ShortName>
							<Centroid>
								<Location>
									<gml:pos srsName="EPSG:9801">524811 	 170666 </gml:pos>
								</Location>
							</Centroid>
							<RoadAddress version="any" id="spq:RoadAddress:Addr_SP9_01">
								<RoadName>Avenue de General Leclerc</RoadName>
							</RoadAddress>
							<TransportMode>bus</TransportMode>
							<StopPlaceType>onstreetBus</StopPlaceType>
							<quays>
								<Quay version="any" created="2010-04-17T09:30:47Z" id="spq:Quay:SSP9">
									<Name>Stop 9</Name>
									<Centroid>
										<Location>
											<Longitude>-0.2071397147</Longitude>
											<Latitude>51.4217482061</Latitude>
										</Location>
									</Centroid>
									<Covered>outdoors</Covered>
									<Label>Stop 9</Label>
									<CompassOctant>S</CompassOctant>
									<QuayType>busStop</QuayType>
								</Quay>
							</quays>
						</StopPlace>
						<StopPlace version="any" created="2006-09-11T15:42:00" id="spq:StopPlace:SP10">
							<Name>Stop 10</Name>
							<ShortName>Stop 10</ShortName>
						</StopPlace>
					</stopPlaces>
				</SiteFrame>
				<ServiceFrame version="any" id="spq:ServiceFrame:Fr1234">
					<routePoints>
						<!--- ======  ROUTE POINTs ========== -->
						<RoutePoint version="any" id="spq:RoutePoint:Rtpt1">
						</RoutePoint>
						<RoutePoint version="any" id="spq:RoutePoint:Rtpt2">
						</RoutePoint>
						<RoutePoint version="any" id="spq:RoutePoint:Rtpt3">
						</RoutePoint>
						<RoutePoint version="any" id="spq:RoutePoint:Rtpt4">
						</RoutePoint>
						<RoutePoint version="any" id="spq:RoutePoint:Rtpt5">
						</RoutePoint>
						<RoutePoint version="any" id="spq:RoutePoint:Rtpt6">
						</RoutePoint>
						<RoutePoint version="any" id="spq:RoutePoint:Rtpt7">
						</RoutePoint>
						<RoutePoint version="any" id="spq:RoutePoint:Rtpt8">
						</RoutePoint>
						<RoutePoint version="any" id="spq:RoutePoint:Rtpt9">
						</RoutePoint>
						<RoutePoint version="any" id="spq:RoutePoint:Rtpt10">
						</RoutePoint>
					</routePoints>
					<routeLinks>
						<!--- ======  ROUTE LINKs ========== -->
						<RouteLink version="any" id="spq:RouteLink:RL_Rt001o_01to02">
							<projections>
								<LinkProjection version="any" id="spq:LP_RL_Rt001o_01to02_PJ01">
									<TypeOfProjectionRef ref="spq:TypeOfProjection:Spatial"/>
									<SpatialFeatureRef version="any" ref="gis:ComplexFeature:St_RueDeParis_01"/>
								</LinkProjection>
							</projections>
							<FromPointRef version="any" ref="spq:RoutePoint:Rtpt1"/>
							<ToPointRef version="any" ref="spq:RoutePoint:Rtpt2"/>
						</RouteLink>
						<RouteLink version="any" id="spq:RouteLink:RL_Rt001o_02to03">
							<FromPointRef version="any" ref="spq:RoutePoint:Rtpt2"/>
							<ToPointRef version="any" ref="spq:RoutePoint:Rtpt3"/>
						</RouteLink>
						<RouteLink version="any" id="spq:RouteLink:RL_Rt001o_03to04">
							<FromPointRef version="any" ref="spq:RoutePoint:Rtpt3"/>
							<ToPointRef version="any" ref="spq:RoutePoint:Rtpt4"/>
						</RouteLink>
						<RouteLink version="any" id="spq:RouteLink:RL_Rt001o_04to05">
							<FromPointRef version="any" ref="spq:RoutePoint:Rtpt4"/>
							<ToPointRef version="any" ref="spq:RoutePoint:Rtpt5"/>
						</RouteLink>
						<RouteLink version="any" id="spq:RouteLink:RL_Rt001o_05to06">
							<FromPointRef version="any" ref="spq:RoutePoint:Rtpt5"/>
							<ToPointRef version="any" ref="spq:RoutePoint:Rtpt6"/>
						</RouteLink>
						<RouteLink version="any" id="spq:RouteLink:RL_Rt001o_06to07">
							<FromPointRef version="any" ref="spq:RoutePoint:Rtpt6"/>
							<ToPointRef version="any" ref="spq:RoutePoint:Rtpt7"/>
						</RouteLink>
						<RouteLink version="any" id="spq:RouteLink:RL_Rt001o_07to08">
							<FromPointRef version="any" ref="spq:RoutePoint:Rtpt7"/>
							<ToPointRef version="any" ref="spq:RoutePoint:Rtpt8"/>
						</RouteLink>
						<RouteLink version="any" id="spq:RouteLink:RL_Rt001o_08to09">
							<FromPointRef version="any" ref="spq:RoutePoint:Rtpt8"/>
							<ToPointRef version="any" ref="spq:RoutePoint:Rtpt9"/>
						</RouteLink>
						<RouteLink version="any" id="spq:RouteLink:RL_Rt001o_09to10">
							<FromPointRef version="any" ref="spq:RoutePoint:Rtpt9"/>
							<ToPointRef version="any" ref="spq:RoutePoint:Rtpt10"/>
						</RouteLink>
					</routeLinks>
					<routes>
						<!--- ======Journey Route ========== -->
						<Route version="004" created="2010-12-17T09:30:47.0Z" changed="2002-12-17T09:30:47.0Z" responsibilitySetRef="spq:ResponsibilitySet:RS_01" id="spq:Route:Rt001o">
							<Name>Route 66b outbound</Name>
							<LineRef version="002" ref="spq:Line:LN0066"/>
							<DirectionType>outbound</DirectionType>
							<pointsInSequence>
								<PointOnRoute version="any" id="spq:PointOnRoute:RPIS_Rt001o_001" order="0001">
									<RoutePointRef version="any" ref="spq:RoutePoint:Rtpt1"/>
									<OnwardRouteLinkRef version="any" ref="spq:RouteLink:RL_Rt001o_01to02"/>
								</PointOnRoute>
								<PointOnRoute version="any" id="spq:PointOnRoute:RPIS_Rt001o_002" order="0002">
									<RoutePointRef version="any" ref="spq:RoutePoint:Rtpt2"/>
									<OnwardRouteLinkRef version="any" ref="spq:RouteLink:RL_Rt001o_02to03"/>
								</PointOnRoute>
								<PointOnRoute version="any" id="spq:PointOnRoute:RPIS_Rt001o_003" order="0003">
									<RoutePointRef version="any" ref="spq:RoutePoint:Rtpt3"/>
									<OnwardRouteLinkRef version="any" ref="spq:RouteLink:RL_Rt001o_03to04"/>
								</PointOnRoute>
								<PointOnRoute version="any" id="spq:PointOnRoute:RPIS_Rt001o_004" order="0004">
									<RoutePointRef version="any" ref="spq:RoutePoint:Rtpt4"/>
									<OnwardRouteLinkRef version="any" ref="spq:RouteLink:RL_Rt001o_04to05"/>
								</PointOnRoute>
								<PointOnRoute version="any" id="spq:PointOnRoute:RPIS_Rt001o_005" order="0005">
									<RoutePointRef version="any" ref="spq:RoutePoint:Rtpt5"/>
									<OnwardRouteLinkRef version="any" ref="spq:RouteLink:RL_Rt001o_05to06"/>
								</PointOnRoute>
								<PointOnRoute version="any" id="spq:PointOnRoute:RPIS_Rt001o_006" order="0006">
									<RoutePointRef version="any" ref="spq:RoutePoint:Rtpt6"/>
									<OnwardRouteLinkRef version="any" ref="spq:RouteLink:RL_Rt001o_06to07"/>
								</PointOnRoute>
								<PointOnRoute version="any" id="spq:PointOnRoute:RPIS_Rt001o_007" order="0007">
									<RoutePointRef version="any" ref="spq:RoutePoint:Rtpt7"/>
									<OnwardRouteLinkRef version="any" ref="spq:RouteLink:RL_Rt001o_07to08"/>
								</PointOnRoute>
								<PointOnRoute version="any" id="spq:PointOnRoute:RPIS_Rt001o_008" order="0008">
									<RoutePointRef version="any" ref="spq:RoutePoint:Rtpt8"/>
									<OnwardRouteLinkRef version="any" ref="spq:RouteLink:RL_Rt001o_08to09"/>
								</PointOnRoute>
								<PointOnRoute version="any" id="spq:PointOnRoute:RPIS_Rt001o_009" order="0009">
									<RoutePointRef version="any" ref="spq:RoutePoint:Rtpt9"/>
									<OnwardRouteLinkRef version="any" ref="spq:RouteLink:RL_Rt001o_09to10"/>
								</PointOnRoute>
								<PointOnRoute version="any" id="spq:PointOnRoute:RPIS_Rt001o_010" order="0010">
									<RoutePointRef version="any" ref="spq:RoutePoint:Rtpt10"/>
								</PointOnRoute>
							</pointsInSequence>
						</Route>
					</routes>
					<lines>
						<Line version="002" created="2010-12-17T09:30:47.0Z" changed="2002-12-17T09:30:47.0Z" id="spq:Line:LN0066">
							<Name>Line 66</Name>
							<TransportMode>bus</TransportMode>
						</Line>
					</lines>
					<scheduledStopPoints>
						<!--- === Stop Points Point============ -->
						<ScheduledStopPoint version="001" created="2000-12-17T09:30:47.0Z" id="ssp:ScheduledStopPoint:SSP1">
							<Name>Stop 1</Name>
							<Location>
								<Longitude>-180</Longitude>
								<Latitude>+53</Latitude>
							</Location>
							<projections>
								<PointProjection version="any" id="tim:PointProjection:PPJ_SSP1_pj01">
									<ProjectToPointRef version="any" ref="tim:RoutePoint:PorR1"/>
								</PointProjection>
							</projections>
							<Label>Towards SSSP9</Label>
						</ScheduledStopPoint>
						<ScheduledStopPoint version="001" created="2010-12-17T09:30:47.0Z" id="ssp:ScheduledStopPoint:SSP2">
							<Name>Stop 2</Name>
							<Location>
								<Longitude>-180</Longitude>
								<Latitude>+53</Latitude>
							</Location>
							<projections>
								<PointProjection version="any" id="ssp:LPJ_SSP2_pj01">
									<ProjectToLinkRef version="any" ref="spq:RouteLink:RL_Rt001o_02to03"/>
									<Distance>50</Distance>
								</PointProjection>
							</projections>
							<Label>Towards SSSP9</Label>
						</ScheduledStopPoint>
						<ScheduledStopPoint version="001" created="2001-06-17T09:30:47.0Z" id="ssp:ScheduledStopPoint:SSP3">
							<Name>Stop 3</Name>
							<Location>
								<Longitude>-180</Longitude>
								<Latitude>+53</Latitude>
							</Location>
							<projections>
								<PointProjection version="any" id="ssp:LPJ_SSP3_pj01">
									<ProjectToLinkRef version="any" ref="spq:RouteLink:RL_Rt001o_04to05"/>
									<Distance>30</Distance>
								</PointProjection>
							</projections>
							<Label>Towards SSSP9</Label>
						</ScheduledStopPoint>
						<ScheduledStopPoint version="001" created="2001-06-17T09:30:47.0Z" id="ssp:ScheduledStopPoint:SSP4">
							<Name>Stop 4</Name>
							<Location>
								<Longitude>-180</Longitude>
								<Latitude>+53</Latitude>
							</Location>
							<projections>
								<PointProjection version="any" id="ssp:LPJ_SSP4_pj01">
									<ProjectToLinkRef version="any" ref="spq:RouteLink:RL_Rt001o_05to06"/>
									<Distance>25</Distance>
								</PointProjection>
							</projections>
							<Label>Towards SSSP9</Label>
						</ScheduledStopPoint>
						<ScheduledStopPoint version="001" created="2001-06-17T09:30:47.0Z" id="ssp:ScheduledStopPoint:SSP5">
							<Name>Stop 5</Name>
							<Location>
								<Longitude>-180</Longitude>
								<Latitude>+53</Latitude>
							</Location>
							<projections>
								<PointProjection version="any" id="ssp:LPJ_SSP5_pj01">
									<ProjectToLinkRef version="any" ref="spq:RouteLink:RL_Rt001o_07to08"/>
									<Distance>20</Distance>
								</PointProjection>
							</projections>
							<Label>Towards SSSP9</Label>
						</ScheduledStopPoint>
						<ScheduledStopPoint version="001" created="2001-06-17T09:30:47.0Z" id="ssp:ScheduledStopPoint:SSP6">
							<Name>Stop 6</Name>
							<Location>
								<Longitude>-180</Longitude>
								<Latitude>+53</Latitude>
							</Location>
							<projections>
								<PointProjection version="any" id="ssp:LPJ_SSP6_pj01">
									<ProjectToLinkRef version="any" ref="spq:RouteLink:RL_Rt001o_08to09"/>
									<Distance>20</Distance>
								</PointProjection>
							</projections>
							<Label>Towards SSSP9</Label>
						</ScheduledStopPoint>
						<ScheduledStopPoint version="001" created="2001-06-17T09:30:47.0Z" id="ssp:ScheduledStopPoint:SSP7">
							<Name>Stop 7</Name>
							<Location>
								<Longitude>-180</Longitude>
								<Latitude>+53</Latitude>
							</Location>
							<projections>
								<PointProjection version="any" id="ssp:LPJ_SSP7_pj01">
									<ProjectToLinkRef version="any" ref="spq:RouteLink:RL_Rt001o_09to10"/>
									<Distance>5</Distance>
								</PointProjection>
							</projections>
							<Label>Towards SSSP9</Label>
						</ScheduledStopPoint>
						<ScheduledStopPoint version="001" created="2001-06-17T09:30:47.0Z" id="ssp:ScheduledStopPoint:SSP8">
							<Name>Stop 8</Name>
							<Location>
								<Longitude>-180</Longitude>
								<Latitude>+53</Latitude>
							</Location>
							<projections>
								<PointProjection version="any" id="ssp:LPJ_SSP8_pj01">
									<ProjectToLinkRef version="any" ref="spq:RouteLink:RL_Rt001o_09to10"/>
									<Distance>50</Distance>
								</PointProjection>
							</projections>
							<Label>Towards SSSP9</Label>
						</ScheduledStopPoint>
						<ScheduledStopPoint version="001" created="2001-06-17T09:30:47.0Z" id="ssp:ScheduledStopPoint:SSP9">
							<Name>Stop 9</Name>
							<Location>
								<Longitude>-180</Longitude>
								<Latitude>+53</Latitude>
							</Location>
							<projections>
								<PointProjection version="any" id="tim:PointProjection:PPJ_SSP9_pj01">
									<ProjectToPointRef version="any" ref="tim:RoutePoint:PorR10"/>
								</PointProjection>
							</projections>
							<Label/>
						</ScheduledStopPoint>
						<ScheduledStopPoint version="001" created="2001-06-17T09:30:47.0Z" id="ssp:ScheduledStopPoint:SSP10">
							<Name>Stop 10</Name>
							<Location>
								<Longitude>-180</Longitude>
								<Latitude>+53</Latitude>
							</Location>
							<projections>
								<PointProjection version="any" id="tim:PointProjection:PPJ_SSP10_pj01">
									<ProjectToPointRef version="any" ref="tim:RoutePoint:PorR10"/>
								</PointProjection>
							</projections>
							<Label/>
						</ScheduledStopPoint>
					</scheduledStopPoints>
					<serviceLinks>
						<!--- ====SERVICE LINKs======== -->
						<ServiceLink version="001" created="2010-12-17T09:30:47.0Z" id="ssp:ServiceLink:SL_SvP001o_1to2">
							<Name>1 to 2</Name>
							<projections>
								<LinkProjection version="any" id="ssp:LinkProjection:LP_SL_SvP001o_1to2_PJ01" order="1">
									<Name>Projection  mid way along link SL 1-2::>RL 2-3 x </Name>
									<ProjectToLinkRef version="any" ref="spq:RouteLink:RL_Rt001o_02to03"/>
									<EndPointOnLinkByValue>
										<DistanceFromStart>40</DistanceFromStart>
									</EndPointOnLinkByValue>
								</LinkProjection>
							</projections>
							<FromPointRef version="001" ref="ssp:ScheduledStopPoint:SSP1"/>
							<ToPointRef version="001" ref="ssp:ScheduledStopPoint:SSP2"/>
						</ServiceLink>
						<ServiceLink version="001" created="2010-12-17T09:30:47.0Z" id="ssp:ServiceLink:SL_SvP001o_2to3">
							<Name>2 to 3 </Name>
							<projections>
								<LinkProjection version="any" id="ssp:LinkProjection:LP_SL_SvP001o_2to3_PJ01" order="1">
									<Name>Projection  mid way along link SL 2-3::>RL2-3 x </Name>
									<ProjectToLinkRef version="any" ref="spq:RouteLink:RL_Rt001o_02to03"/>
									<StartPointOnLinkByValue>
										<DistanceFromStart>40</DistanceFromStart>
									</StartPointOnLinkByValue>
								</LinkProjection>
								<LinkProjection version="any" id="ssp:LinkProjection:LP_SL_SvP001o_2to3_PJ02" order="2">
									<Name>Projection  whole  link SL 2-3::>RL 3-4 x </Name>
									<ProjectToLinkRef version="any" ref="spq:RouteLink:RL_Rt001o_03to04"/>
								</LinkProjection>
								<LinkProjection version="any" id="ssp:LinkProjection:LP_SL_SvP001o_2to3_PJ03" order="3">
									<Name>Projection  part  link SL 2-3::>RL 4-5 x </Name>
									<ProjectToLinkRef version="any" ref="spq:RouteLink:RL_Rt001o_04to05"/>
									<EndPointOnLinkByValue>
										<DistanceFromStart>35</DistanceFromStart>
									</EndPointOnLinkByValue>
								</LinkProjection>
							</projections>
							<FromPointRef version="001" ref="ssp:ScheduledStopPoint:SSP2"/>
							<ToPointRef version="001" ref="ssp:ScheduledStopPoint:SSP3"/>
						</ServiceLink>
						<ServiceLink version="001" created="2010-12-17T09:30:47.0Z" id="ssp:ServiceLink:SL_SvP001o_3to4">
							<Name>3  to 4</Name>
							<projections>
								<LinkProjection version="any" id="ssp:LinkProjection:LP_SL_SvP001o_3to4_PJ01" order="1">
									<Name>Projection  mid way along link SL 3-4::>RL4-5 x </Name>
									<ProjectToLinkRef version="any" ref="spq:RouteLink:RL_Rt001o_04to05"/>
									<StartPointOnLinkByValue>
										<DistanceFromStart>40</DistanceFromStart>
									</StartPointOnLinkByValue>
								</LinkProjection>
								<LinkProjection version="any" id="ssp:LinkProjection:LP_SL_SvP001o_3to4_PJ02" order="2">
									<Name>Projection  part  link SL 3-4::>RL 5-6 x </Name>
									<ProjectToLinkRef version="any" ref="spq:RouteLink:RL_Rt001o_05to06"/>
									<EndPointOnLinkByValue>
										<DistanceFromStart>35</DistanceFromStart>
									</EndPointOnLinkByValue>
								</LinkProjection>
							</projections>
							<FromPointRef version="001" ref="ssp:ScheduledStopPoint:SSP3"/>
							<ToPointRef version="001" ref="ssp:ScheduledStopPoint:SSP4"/>
						</ServiceLink>
						<ServiceLink version="001" created="2010-12-17T09:30:47.0Z" id="ssp:ServiceLink:SL_SvP001o_4to5">
							<Name>4  to 5</Name>
							<projections>
								<LinkProjection version="any" id="ssp:LinkProjection:LP_SL_SvP001o_4to5_PJ01" order="1">
									<Name>Projection  mid way along link SL 4-5::>RL5-6 x </Name>
									<ProjectToLinkRef version="any" ref="spq:RouteLink:RL_Rt001o_05to06"/>
									<StartPointOnLinkByValue>
										<DistanceFromStart>35</DistanceFromStart>
									</StartPointOnLinkByValue>
								</LinkProjection>
								<LinkProjection version="any" id="ssp:LinkProjection:LP_SL_SvP001o_4to5_PJ02" order="2">
									<Name>Projection  whole  link SL 4-5::>RL 6-7 x </Name>
									<ProjectToLinkRef version="any" ref="spq:RouteLink:RL_Rt001o_06to07"/>
								</LinkProjection>
								<LinkProjection version="any" id="ssp:LinkProjection:LP_SL_SvP001o_4to5_PJ03" order="3">
									<Name>Projection  part  link SL 4-5::>RL 7-8 x </Name>
									<ProjectToLinkRef version="any" ref="spq:RouteLink:RL_Rt001o_07to08"/>
									<EndPointOnLinkByValue>
										<DistanceFromStart>45</DistanceFromStart>
									</EndPointOnLinkByValue>
								</LinkProjection>
							</projections>
							<FromPointRef version="001" ref="ssp:ScheduledStopPoint:SSP4"/>
							<ToPointRef version="001" ref="ssp:ScheduledStopPoint:SSP5"/>
						</ServiceLink>
						<ServiceLink version="001" created="2010-12-17T09:30:47.0Z" id="ssp:ServiceLink:SL_SvP001o_5to6">
							<Name>5  to6</Name>
							<projections>
								<LinkProjection version="any" id="ssp:LinkProjection:LP_SL_SvP001o_5to6_PJ01" order="1">
									<Name>Projection  mid way along link SL 5-6::>RL7-8 x </Name>
									<ProjectToLinkRef version="any" ref="spq:RouteLink:RL_Rt001o_07to08"/>
									<StartPointOnLinkByValue>
										<DistanceFromStart>45</DistanceFromStart>
									</StartPointOnLinkByValue>
								</LinkProjection>
								<LinkProjection version="any" id="ssp:LinkProjection:LP_SL_SvP001o_5to6_PJ02" order="2">
									<Name>Projection  part  link SL 5-6::>RL 8-9 x </Name>
									<ProjectToLinkRef version="any" ref="spq:RouteLink:RL_Rt001o_08to09"/>
									<EndPointOnLinkByValue>
										<DistanceFromStart>20</DistanceFromStart>
									</EndPointOnLinkByValue>
								</LinkProjection>
							</projections>
							<FromPointRef version="001" ref="ssp:ScheduledStopPoint:SSP5"/>
							<ToPointRef version="001" ref="ssp:ScheduledStopPoint:SSP6"/>
						</ServiceLink>
						<ServiceLink version="001" created="2010-12-17T09:30:47.0Z" id="ssp:ServiceLink:SL_SvP001o_6to7">
							<Name>6  to 7</Name>
							<projections>
								<LinkProjection version="any" id="ssp:LinkProjection:LP_SL_SvP001o_6to7_PJ01" order="1">
									<Name>Projection  part along link SL 6-7::>RL8-9 x </Name>
									<ProjectToLinkRef version="any" ref="spq:RouteLink:RL_Rt001o_08to09"/>
									<StartPointOnLinkByValue>
										<DistanceFromStart>20</DistanceFromStart>
									</StartPointOnLinkByValue>
								</LinkProjection>
								<LinkProjection version="any" id="ssp:LinkProjection:LP_SL_SvP001o_6to7_PJ02" order="2">
									<Name>Projection  part  link SL 6-7::>RL 9-10 x </Name>
									<ProjectToLinkRef version="any" ref="spq:RouteLink:RL_Rt001o_09to10"/>
									<EndPointOnLinkByValue>
										<DistanceFromStart>10</DistanceFromStart>
									</EndPointOnLinkByValue>
								</LinkProjection>
							</projections>
							<FromPointRef version="001" ref="ssp:ScheduledStopPoint:SSP6"/>
							<ToPointRef version="001" ref="ssp:ScheduledStopPoint:SSP7"/>
						</ServiceLink>
						<ServiceLink version="001" created="2010-12-17T09:30:47.0Z" id="ssp:ServiceLink:SL_SvP001o_7to8">
							<Name>7  to 8</Name>
							<projections>
								<LinkProjection version="any" id="ssp:LinkProjection:LP_SL_SvP001o_7to8_PJ01" order="1">
									<Name>Projection  mid way   along link SL 7-8::>RL9-10 x </Name>
									<ProjectToLinkRef version="any" ref="spq:RouteLink:RL_Rt001o_09to10"/>
									<StartPointOnLinkByValue>
										<DistanceFromStart>10</DistanceFromStart>
									</StartPointOnLinkByValue>
									<EndPointOnLinkByValue>
										<DistanceFromStart>50</DistanceFromStart>
									</EndPointOnLinkByValue>
								</LinkProjection>
							</projections>
							<FromPointRef version="001" ref="ssp:ScheduledStopPoint:SSP7"/>
							<ToPointRef version="001" ref="ssp:ScheduledStopPoint:SSP8"/>
						</ServiceLink>
						<ServiceLink version="001" created="2010-12-17T09:30:47.0Z" id="ssp:ServiceLink:SL_SvP001o_8to9">
							<Name>8 to 9</Name>
							<projections>
								<LinkProjection version="any" id="ssp:LinkProjection:LP_SL_SvP001o_8to9_PJ01" order="1">
									<Name>Projection  mid way   along link SL 8-9::>RL9-10 x </Name>
									<ProjectToLinkRef version="any" ref="spq:RouteLink:RL_Rt001o_09to10"/>
									<StartPointOnLinkByValue>
										<DistanceFromStart>50</DistanceFromStart>
									</StartPointOnLinkByValue>
								</LinkProjection>
							</projections>
							<FromPointRef version="001" ref="ssp:ScheduledStopPoint:SSP8"/>
							<ToPointRef version="001" ref="ssp:ScheduledStopPoint:SSP9"/>
						</ServiceLink>
					</serviceLinks>
					<servicePatterns>
						<!--- ====SERVICE PATTERN======== -->
						<ServicePattern version="001" created="2010-12-17T09:30:47.0Z" id="ssp:ServicePattern:SvP001o">
							<Name>SSP1 - SSP9</Name>
							<RouteRef version="004" ref="spq:Route:Rt001o"/>
							<pointsInSequence>
								<StopPointInJourneyPattern version="any" id="ssp:StopPointInJourneyPattern:SvPip_001o_01" order="1">
									<ScheduledStopPointRef version="001" ref="ssp:ScheduledStopPoint:SSP1"/>
									<OnwardServiceLinkRef version="001" ref="ssp:ServiceLink:SL_SvP001o_1to2"/>
									<ForAlighting>false</ForAlighting>
									<ForBoarding>true</ForBoarding>
								</StopPointInJourneyPattern>
								<StopPointInJourneyPattern version="any" id="ssp:StopPointInJourneyPattern:SvPip_001o_02" order="2">
									<ScheduledStopPointRef version="001" ref="ssp:ScheduledStopPoint:SSP2"/>
									<OnwardServiceLinkRef version="001" ref="ssp:ServiceLink:SL_SvP001o_2to3"/>
									<ForAlighting>true</ForAlighting>
									<ForBoarding>true</ForBoarding>
								</StopPointInJourneyPattern>
								<StopPointInJourneyPattern version="any" id="ssp:StopPointInJourneyPattern:SvPip_001o_03" order="3">
									<ScheduledStopPointRef version="001" ref="ssp:ScheduledStopPoint:SSP3"/>
									<OnwardServiceLinkRef version="001" ref="ssp:ServiceLink:SL_SvP001o_3to4"/>
									<ForAlighting>true</ForAlighting>
									<ForBoarding>true</ForBoarding>
								</StopPointInJourneyPattern>
								<StopPointInJourneyPattern version="any" id="ssp:StopPointInJourneyPattern:SvPip_001o_04" order="4">
									<ScheduledStopPointRef version="001" ref="ssp:ScheduledStopPoint:SSP4"/>
									<OnwardServiceLinkRef version="001" ref="ssp:ServiceLink:SL_SvP001o_4to5"/>
									<ForAlighting>true</ForAlighting>
									<ForBoarding>true</ForBoarding>
								</StopPointInJourneyPattern>
								<StopPointInJourneyPattern version="any" id="ssp:StopPointInJourneyPattern:SvPip_001o_05" order="5">
									<ScheduledStopPointRef version="001" ref="ssp:ScheduledStopPoint:SSP5"/>
									<OnwardServiceLinkRef version="001" ref="ssp:ServiceLink:SL_SvP001o_5to6"/>
									<ForAlighting>true</ForAlighting>
									<ForBoarding>true</ForBoarding>
								</StopPointInJourneyPattern>
								<StopPointInJourneyPattern version="any" id="ssp:StopPointInJourneyPattern:SvPip_001o_06" order="6">
									<ScheduledStopPointRef version="001" ref="ssp:ScheduledStopPoint:SSP6"/>
									<OnwardServiceLinkRef version="001" ref="ssp:ServiceLink:SL_SvP001o_6to7"/>
									<ForAlighting>true</ForAlighting>
									<ForBoarding>true</ForBoarding>
								</StopPointInJourneyPattern>
								<StopPointInJourneyPattern version="any" id="ssp:StopPointInJourneyPattern:SvPip_001o_07" order="7">
									<ScheduledStopPointRef version="001" ref="ssp:ScheduledStopPoint:SSP7"/>
									<OnwardServiceLinkRef version="001" ref="ssp:ServiceLink:SL_SvP001o_7to8"/>
									<ForAlighting>true</ForAlighting>
									<ForBoarding>true</ForBoarding>
								</StopPointInJourneyPattern>
								<StopPointInJourneyPattern version="any" id="ssp:StopPointInJourneyPattern:SvPip_001o_08" order="8">
									<ScheduledStopPointRef version="001" ref="ssp:ScheduledStopPoint:SSP8"/>
									<OnwardServiceLinkRef version="001" ref="ssp:ServiceLink:SL_SvP001o_8to9"/>
									<ForAlighting>true</ForAlighting>
									<ForBoarding>true</ForBoarding>
								</StopPointInJourneyPattern>
								<StopPointInJourneyPattern version="any" id="ssp:StopPointInJourneyPattern:SvPip_001o_09" order="9">
									<ScheduledStopPointRef version="001" ref="ssp:ScheduledStopPoint:SSP9"/>
									<ForAlighting>true</ForAlighting>
									<ForBoarding>false</ForBoarding>
								</StopPointInJourneyPattern>
							</pointsInSequence>
						</ServicePattern>
					</servicePatterns>
					<stopAssignments>
						<!--- =====NETWORK VERSION ideentifies the ========== -->
						<PassengerStopAssignment version="any" id="ssp:PassengerStopAssignment:PSA_01" order="1">
							<Description>Bus Assignment 1</Description>
							<ScheduledStopPointRef version="001" ref="ssp:ScheduledStopPoint:SSP1"/>
							<StopPlaceRef version="any" ref="spq:StopPlace:SP1"/>
							<QuayRef version="any" ref="spq:Quay:SSP1"/>
						</PassengerStopAssignment>
						<PassengerStopAssignment version="any" id="ssp:PassengerStopAssignment:PSA_02"  order="1">
							<Description>Bus Assignment 2</Description>
							<ScheduledStopPointRef version="001" ref="ssp:ScheduledStopPoint:SSP2"/>
							<StopPlaceRef version="any" ref="spq:StopPlace:SP2"/>
							<QuayRef version="any" ref="spq:Quay:SSP2"/>
						</PassengerStopAssignment>
						<PassengerStopAssignment version="any" id="ssp:PassengerStopAssignment:PSA_03"  order="1">
							<Description>Bus Assignment 3</Description>
							<ScheduledStopPointRef version="001" ref="ssp:ScheduledStopPoint:SSP3"/>
							<StopPlaceRef version="any" ref="spq:StopPlace:SP3"/>
							<QuayRef version="any" ref="spq:Quay:SSP3"/>
						</PassengerStopAssignment>
						<PassengerStopAssignment version="any" id="ssp:PassengerStopAssignment:PSA_04"  order="1">
							<Description>Bus Assignment 4</Description>
							<ScheduledStopPointRef version="001" ref="ssp:ScheduledStopPoint:SSP4"/>
							<StopPlaceRef version="any" ref="spq:StopPlace:SP4"/>
							<QuayRef version="any" ref="spq:Quay:SSP4"/>
						</PassengerStopAssignment>
						<PassengerStopAssignment version="any" id="ssp:PassengerStopAssignment:PSA_05"  order="1">
							<Description>Bus Assignment 5</Description>
							<ScheduledStopPointRef version="001" ref="ssp:ScheduledStopPoint:SSP5"/>
							<StopPlaceRef version="any" ref="spq:StopPlace:SP5"/>
							<QuayRef version="any" ref="spq:Quay:SSP5"/>
						</PassengerStopAssignment>
						<PassengerStopAssignment version="any" id="ssp:PassengerStopAssignment:PSA_06"  order="1">
							<Description>Bus Assignment 6</Description>
							<ScheduledStopPointRef version="001" ref="ssp:ScheduledStopPoint:SSP6"/>
							<StopPlaceRef version="any" ref="spq:StopPlace:SP6"/>
							<QuayRef version="any" ref="spq:Quay:SSP6"/>
						</PassengerStopAssignment>
						<PassengerStopAssignment version="any" id="ssp:PassengerStopAssignment:PSA_07"  order="1">
							<Description>Bus Assignment 7</Description>
							<ScheduledStopPointRef version="001" ref="ssp:ScheduledStopPoint:SSP7"/>
							<StopPlaceRef version="any" ref="spq:StopPlace:SP7"/>
							<QuayRef version="any" ref="spq:Quay:SSP7"/>
						</PassengerStopAssignment>
						<PassengerStopAssignment version="any" id="ssp:PassengerStopAssignment:PSA_08"  order="1">
							<Description>Bus Assignment 8</Description>
							<ScheduledStopPointRef version="001" ref="ssp:ScheduledStopPoint:SSP8"/>
							<StopPlaceRef version="any" ref="spq:StopPlace:SP8"/>
							<QuayRef version="any" ref="spq:Quay:SSP8"/>
						</PassengerStopAssignment>
						<PassengerStopAssignment version="any" id="ssp:PassengerStopAssignment:PSA_09"  order="1">
							<Description>Bus Assignment 9</Description>
							<ScheduledStopPointRef version="001" ref="ssp:ScheduledStopPoint:SSP9"/>
							<StopPlaceRef version="any" ref="spq:StopPlace:SP9"/>
							<QuayRef version="any" ref="spq:Quay:SSP9"/>
						</PassengerStopAssignment>
						<PassengerStopAssignment version="any" id="ssp:PassengerStopAssignment:PSA_10"  order="1">
							<Description>Bus Assignment10</Description>
							<ScheduledStopPointRef version="001" ref="ssp:ScheduledStopPoint:SSP10"/>
							<StopPlaceRef version="any" ref="spq:StopPlace:SP10"/>
						</PassengerStopAssignment>
					</stopAssignments>
					<timingPoints>
						<!--- ====TIMING POINTs ======== -->
						<TimingPoint version="any" id="tim:TimingPoint:TP1">
							<Name>TIMING POINT 1</Name>
							<projections>
								<PointProjection version="any" id="tim:PointProjection:PPJ_TP1_pj01">
									<ProjectToPointRef version="any" ref="tim:RoutePoint:PorR1"/>
								</PointProjection>
							</projections>
						</TimingPoint>
						<TimingPoint version="any" id="tim:TimingPoint:TP2">
							<Name>TIMING POINT 2</Name>
							<projections>
								<PointProjection version="any" id="tim:PointProjection:PPJ_TP2_pj01">
									<ProjectToPointRef version="any" ref="tim:RoutePoint:PorR2"/>
								</PointProjection>
							</projections>
						</TimingPoint>
						<TimingPoint version="any" id="tim:TimingPoint:TP3">
							<Name>TIMING POINT3</Name>
							<projections>
								<PointProjection version="any" id="tim:PointProjection:PPJ_TP3_pj01">
									<ProjectToPointRef version="any" ref="tim:RoutePoint:PorR5"/>
								</PointProjection>
							</projections>
						</TimingPoint>
						<TimingPoint version="any" id="tim:TimingPoint:TP4">
							<Name>TIMING POINT 4</Name>
							<projections>
								<PointProjection version="any" id="tim:PointProjection:PPJ_TP4_pj01">
									<ProjectToPointRef version="any" ref="tim:RoutePoint:PorR8"/>
								</PointProjection>
							</projections>
						</TimingPoint>
						<TimingPoint version="any" id="tim:TimingPoint:TP5">
							<Name>TIMING POINT 5</Name>
							<projections>
								<PointProjection version="any" id="tim:PointProjection:PPJ_TP5_pj01">
									<ProjectToLinkRef version="any" ref="spq:RouteLink:RL_Rt001o_05to06"/>
									<Distance>25</Distance>
								</PointProjection>
							</projections>
						</TimingPoint>
						<TimingPoint version="any" id="tim:TimingPoint:TP6">
							<Name>TIMING POINT 6</Name>
							<projections>
								<PointProjection version="any" id="tim:PointProjection:PPJ_TP6_pj01">
									<ProjectToPointRef version="any" ref="tim:RoutePoint:PorR10"/>
								</PointProjection>
							</projections>
						</TimingPoint>
					</timingPoints>
					<timingLinks>
						<!--- ====TIMING LINKs ======== -->
						<TimingLink version="any" id="tim:TimingLink:TL_TP001o_TP1toTP2">
							<Name>TP1 to TP2</Name>
							<projections>
								<LinkProjection version="any" id="tim:LinkProjection:LP_TL_TP001o_TP1toTP2_PJ01">
									<Name>Exact projection  of links TL  1-2 ::>RL  1-2 </Name>
									<ProjectToLinkRef version="any" ref="spq:RouteLink:RL_Rt001o_01to02"/>
								</LinkProjection>
							</projections>
							<FromPointRef version="any" ref="tim:TimingPoint:TP1"/>
							<ToPointRef version="any" ref="tim:TimingPoint:TP2"/>
						</TimingLink>
						<TimingLink version="any" id="tim:TimingLink:TL_TP001o_TP2toTP3">
							<Name>TP2 to TP3</Name>
							<projections>
								<LinkProjection version="any" id="tim:LinkProjection:LP_TL_TP001o_TP2toTP3_PJ01" order="1">
									<Name>Projection  whole link TL 2-3 ::>RL  2-3  </Name>
									<ProjectToLinkRef version="any" ref="spq:RouteLink:RL_Rt001o_02to03"/>
								</LinkProjection>
								<LinkProjection version="any" id="tim:LinkProjection:LP_TL_TP001o_TP2toTP3_PJ02" order="2">
									<Name>Projection whole link TL 2-3 ::>RL  3-4  </Name>
									<ProjectToLinkRef version="any" ref="spq:RouteLink:RL_Rt001o_03to04"/>
								</LinkProjection>
								<LinkProjection version="any" id="tim:LinkProjection:LP_TL_TP001o_TP2toTP3_PJ03" order="3">
									<Name>Projection  part way along link TL2-3 ::>RL 4-5 </Name>
									<ProjectToLinkRef version="any" ref="spq:RouteLink:RL_Rt001o_04to05"/>
									<EndPointOnLinkByValue>
										<DistanceFromStart>55</DistanceFromStart>
									</EndPointOnLinkByValue>
								</LinkProjection>
							</projections>
							<FromPointRef version="any" ref="tim:TimingPoint:TP2"/>
							<ToPointRef version="any" ref="tim:TimingPoint:TP3"/>
						</TimingLink>
						<TimingLink version="any" id="tim:TimingLink:TL_TP001o_TP3toTP4">
							<Name>TP3 to TP4</Name>
							<projections>
								<LinkProjection version="any" id="tim:LinkProjection:LP_TL_TP001o_TP3toTP4_PJ01" order="1">
									<Name>Projection part way along  along linkTL 3-4  ::> RL : 4-5:</Name>
									<ProjectToLinkRef version="any" ref="spq:RouteLink:RL_Rt001o_04to05"/>
									<StartPointOnLinkByValue>
										<DistanceFromStart>55</DistanceFromStart>
									</StartPointOnLinkByValue>
								</LinkProjection>
								<LinkProjection version="any" id="tim:LinkProjection:LP_TL_TP001o_TP3toTP4_PJ02" order="2">
									<Name>Projection  whole link  TL 3-4::>RL 5-6</Name>
									<ProjectToLinkRef version="any" ref="spq:RouteLink:RL_Rt001o_05to06"/>
								</LinkProjection>
								<LinkProjection version="any" id="tim:LinkProjection:LP_TL_TP001o_TP3toTP4_PJ03" order="3">
									<Name>Projection  whole link TL 3-4::>RL 6-7 </Name>
									<ProjectToLinkRef version="any" ref="spq:RouteLink:RL_Rt001o_06to07"/>
								</LinkProjection>
								<LinkProjection version="any" id="tim:LinkProjection:LP_TL_TP001o_TP3toTP4_PJ04" order="4">
									<Name>Projection  whole link TL 3-4::>RL 7-8 </Name>
									<ProjectToLinkRef version="any" ref="spq:RouteLink:RL_Rt001o_07to08"/>
								</LinkProjection>
								<LinkProjection version="any" id="tim:LinkProjection:LP_TL_TP001o_TP3toTP4_PJ05" order="5">
									<Name>Projection  part way along link TL 3-4::>RL 8-9 x </Name>
									<ProjectToLinkRef version="any" ref="spq:RouteLink:RL_Rt001o_08to09"/>
									<StartPointOnLinkByValue>
										<DistanceFromStart>5</DistanceFromStart>
									</StartPointOnLinkByValue>
								</LinkProjection>
							</projections>
							<FromPointRef version="any" ref="tim:TimingPoint:TP3"/>
							<ToPointRef version="any" ref="tim:TimingPoint:TP4"/>
						</TimingLink>
						<TimingLink version="any" id="tim:TimingLink:TL_TP001o_TP4toTP5">
							<Name>TP4 to TP5</Name>
							<projections>
								<LinkProjection version="any" id="tim:LinkProjection:LP_TL_TP001o_TP4toTP5_PJ01" order="1">
									<Name>Projection  mid way along link TL 4-5::>RL 8-9 x </Name>
									<ProjectToLinkRef version="any" ref="spq:RouteLink:RL_Rt001o_08to09"/>
									<StartPointOnLinkByValue>
										<DistanceFromStart>5</DistanceFromStart>
									</StartPointOnLinkByValue>
									<EndPointOnLinkByValue>
										<DistanceFromStart>40</DistanceFromStart>
									</EndPointOnLinkByValue>
								</LinkProjection>
							</projections>
							<FromPointRef version="any" ref="tim:TimingPoint:TP4"/>
							<ToPointRef version="any" ref="tim:TimingPoint:TP5"/>
						</TimingLink>
						<TimingLink version="any" id="tim:TimingLink:TL_TP001o_TP5toTP6">
							<Name>TP5 to TP6</Name>
							<projections>
								<LinkProjection version="any" id="tim:LinkProjection:LP_TL_TP001o_TP5toTP6_PJ01" order="1">
									<Name>Projection  mid way along link TL 5-6::>RL 8-9 x </Name>
									<ProjectToLinkRef version="any" ref="spq:RouteLink:RL_Rt001o_08to09"/>
									<StartPointOnLinkByValue>
										<DistanceFromStart>40</DistanceFromStart>
									</StartPointOnLinkByValue>
								</LinkProjection>
								<LinkProjection version="any" id="tim:LinkProjection:LP_TL_TP001o_TP5toTP6_PJ02" order="2">
									<Name>Projection  whole link TL 5-6::>RL 9-10 x </Name>
									<ProjectToLinkRef version="any" ref="spq:RouteLink:RL_Rt001o_09to10"/>
								</LinkProjection>
							</projections>
							<FromPointRef version="any" ref="tim:TimingPoint:TP5"/>
							<ToPointRef version="any" ref="tim:TimingPoint:TP6"/>
						</TimingLink>
					</timingLinks>
					<timingPatterns>
						<!--- ====TIMING PATTERN ======== -->
						<TimingPattern version="001" created="2010-12-17T09:30:47.0Z" responsibilitySetRef="tim:ResponsibilitySetRef:RS_03" id="tim:TimingPattern:TP001o">
							<RouteRef version="004" ref="spq:Route:Rt001o"/>
							<DirectionType>outbound</DirectionType>
							<TimeDemandTypeRef version="any" ref="tim:TimeDemandType:TDT001"/>
							<pointsInSequence>
								<TimingPointInJourneyPattern version="any" id="tim:TimingPointInJourneyPattern:TPIJP_TP001o_01" order="01">
									<TimingPointRef version="any" ref="tim:TimingPoint:TP1"/>
									<OnwardTimingLinkRef version="any" ref="tim:TimingLink:TL_TP001o_TP1toTP2"/>
									<IsWaitPoint>true</IsWaitPoint>
								</TimingPointInJourneyPattern>
								<TimingPointInJourneyPattern version="any" id="tim:TimingPointInJourneyPattern:TPIJP_TP001o_02" order="02">
									<TimingPointRef version="any" ref="tim:TimingPoint:TP1"/>
									<OnwardTimingLinkRef version="any" ref="tim:TimingLink:TL_TP001o_TP1toTP2"/>
									<IsWaitPoint>true</IsWaitPoint>
								</TimingPointInJourneyPattern>
								<TimingPointInJourneyPattern version="any" id="tim:TimingPointInJourneyPattern:TPIJP_TP001o_03" order="03">
									<TimingPointRef version="any" ref="tim:TimingPoint:TP1"/>
									<OnwardTimingLinkRef version="any" ref="tim:TimingLink:TL_TP001o_TP3toTP4"/>
									<IsWaitPoint>true</IsWaitPoint>
								</TimingPointInJourneyPattern>
								<TimingPointInJourneyPattern version="any" id="tim:TimingPointInJourneyPattern:TPIJP_TP001o_04" order="04">
									<TimingPointRef version="any" ref="tim:TimingPoint:TP1"/>
									<OnwardTimingLinkRef version="any" ref="tim:TimingLink:TL_TP001o_TP4toTP5"/>
									<IsWaitPoint>true</IsWaitPoint>
								</TimingPointInJourneyPattern>
								<TimingPointInJourneyPattern version="any" id="tim:TimingPointInJourneyPattern:TPIJP_TP001o_05" order="05">
									<TimingPointRef version="any" ref="tim:TimingPoint:TP1"/>
									<OnwardTimingLinkRef version="any" ref="tim:TimingLink:TL_TP001o_TP5toTP6"/>
									<IsWaitPoint>true</IsWaitPoint>
								</TimingPointInJourneyPattern>
								<TimingPointInJourneyPattern version="any" id="tim:TimingPointInJourneyPattern:TPIJP_TP001o_06" order="06">
									<TimingPointRef version="any" ref="tim:TimingPoint:TP1"/>
									<IsWaitPoint>true</IsWaitPoint>
								</TimingPointInJourneyPattern>
							</pointsInSequence>
						</TimingPattern>
					</timingPatterns>
					<journeyPatterns>
						<ServiceJourneyPattern version="any" id="ssp:ServiceJourneyPattern:JP001o">
							<RouteRef version="004" ref="spq:Route:Rt001o"/>
							<TimingPatternRef version="001" ref="tim:TimingPattern:TP001o"/>
							<waitTimes>
								<JourneyPatternWaitTime version="any" id="tim:JourneyPatternWaitTime:JPRT_001">
									<TimeDemandTypeRef version="any" ref="tim:TimeDemandType:TDT001"/>
									<TimingPointRef version="any" ref="tim:TimingPoint:TP1"/>
									<WaitTime>PT5M</WaitTime>
								</JourneyPatternWaitTime>
								<JourneyPatternWaitTime version="any" id="tim:JourneyPatternWaitTime:JPRT_002">
									<TimeDemandTypeRef version="any" ref="tim:TimeDemandType:TDT002"/>
									<TimingPointRef version="any" ref="tim:TimingPoint:TP1"/>
									<WaitTime>PT10M</WaitTime>
								</JourneyPatternWaitTime>
							</waitTimes>
							<pointsInSequence>
								<TimingPointInJourneyPattern version="any" id="ssp:StopPointInJourneyPattern:PIP_JP001o_0001" order="001">
									<!-- startTIMING POINT -->
									<TimingPointRef version="any" ref="tim:TimingPoint:TP1"/>
									<IsWaitPoint>true</IsWaitPoint>
								</TimingPointInJourneyPattern>
								<StopPointInJourneyPattern version="any" id="ssp:StopPointInJourneyPattern:PIP_JP001o_0002" order="002">
									<projections>
										<PointProjection version="any" id="tim:PointProjection:PIP_JP001o_0002">
											<Name>Additional projection because there is a separate TimingPointIdID as well as a SSP</Name>
											<ProjectToPointRef nameOfRefClass="TimingPoint" ref="tim:TimingPoint:TP2" version="001"/>
										</PointProjection>
									</projections>
									<ScheduledStopPointRef version="001" ref="ssp:ScheduledStopPoint:SSP1"/>
									<IsWaitPoint>false</IsWaitPoint>
									<waitTimes>
										<JourneyPatternWaitTime version="any" id="tim:JourneyPatternWaitTime:JPRT_003">
											<TimeDemandTypeRef version="any" ref="tim:TimeDemandType:TDT001"/>
											<WaitTime>PT10M</WaitTime>
										</JourneyPatternWaitTime>
									</waitTimes>
								</StopPointInJourneyPattern>
								<StopPointInJourneyPattern version="any" id="ssp:StopPointInJourneyPattern:PIP_JP001o_0003" order="003">
									<ScheduledStopPointRef version="001" ref="ssp:ScheduledStopPoint:SSP2"/>
									<IsWaitPoint>false</IsWaitPoint>
								</StopPointInJourneyPattern>
								<StopPointInJourneyPattern version="any" id="ssp:StopPointInJourneyPattern:PIP_JP001o_0004" order="004">
									<ScheduledStopPointRef version="001" ref="ssp:ScheduledStopPoint:SSP3"/>
									<IsWaitPoint>true</IsWaitPoint>
								</StopPointInJourneyPattern>
								<TimingPointInJourneyPattern version="any" id="ssp:TimingPointInJourneyPattern:PIP_JP001o_0005" order="005">
									<TimingPointRef version="any" ref="tim:TimingPoint:TP3"/>
									<IsWaitPoint>true</IsWaitPoint>
								</TimingPointInJourneyPattern>
								<StopPointInJourneyPattern version="any" id="ssp:StopPointInJourneyPattern:PIP_JP001o_0006" order="006">
									<ScheduledStopPointRef version="001" ref="ssp:ScheduledStopPoint:SSP4"/>
									<IsWaitPoint>true</IsWaitPoint>
								</StopPointInJourneyPattern>
								<StopPointInJourneyPattern version="any" id="ssp:StopPointInJourneyPattern:PIP_JP001o_0007" order="007">
									<ScheduledStopPointRef version="001" ref="ssp:ScheduledStopPoint:SSP5"/>
									<IsWaitPoint>true</IsWaitPoint>
								</StopPointInJourneyPattern>
								<TimingPointInJourneyPattern version="any" id="ssp:TimingPointInJourneyPattern:PIP_JP001o_0008" order="008">
									<TimingPointRef version="any" ref="tim:TimingPoint:TP4"/>
									<IsWaitPoint>true</IsWaitPoint>
								</TimingPointInJourneyPattern>
								<StopPointInJourneyPattern version="any" id="ssp:StopPointInJourneyPattern:PIP_JP001o_0009" order="009">
									<ScheduledStopPointRef version="001" ref="ssp:ScheduledStopPoint:SSP6"/>
									<IsWaitPoint>true</IsWaitPoint>
								</StopPointInJourneyPattern>
								<TimingPointInJourneyPattern version="any" id="ssp:TimingPointInJourneyPattern:PIP_JP001o_0010" order="010">
									<TimingPointRef version="any" ref="tim:TimingPoint:TP5"/>
									<IsWaitPoint>true</IsWaitPoint>
								</TimingPointInJourneyPattern>
								<StopPointInJourneyPattern version="any" id="ssp:StopPointInJourneyPattern:PIP_JP001o_0011" order="011">
									<ScheduledStopPointRef version="001" ref="ssp:ScheduledStopPoint:SSP7"/>
									<IsWaitPoint>true</IsWaitPoint>
								</StopPointInJourneyPattern>
								<StopPointInJourneyPattern version="any" id="ssp:StopPointInJourneyPattern:PIP_JP001o_0012" order="012">
									<ScheduledStopPointRef version="001" ref="ssp:ScheduledStopPoint:SSP8"/>
									<IsWaitPoint>true</IsWaitPoint>
								</StopPointInJourneyPattern>
								<StopPointInJourneyPattern version="any" id="ssp:StopPointInJourneyPattern:PIP_JP001o_0013" order="013">
									<projections>
										<PointProjection version="any" id="tim:PointProjection:PIP_JP001o_0013">
											<Name>Additional projection because there is a separate TimingPointIdID as well as a SSP</Name>
											<ProjectToPointRef nameOfRefClass="TimingPoint" ref="tim:TimingPoint:TP6" version="001"/>
										</PointProjection>
									</projections>
									<ScheduledStopPointRef version="001" ref="ssp:ScheduledStopPoint:SSP9"/>
									<IsWaitPoint>true</IsWaitPoint>
								</StopPointInJourneyPattern>
							</pointsInSequence>
						</ServiceJourneyPattern>
					</journeyPatterns>
					<timeDemandTypes>
						<!--- ============ ============= -->
						<!--- ======Time Demand========== -->
						<TimeDemandType version="any" id="tim:TimeDemandType:TDT001">
							<Name>Time demand Peak</Name>
						</TimeDemandType>
						<TimeDemandType version="any" id="tim:TimeDemandType:TDT002">
							<Name>Time demand  off Peak</Name>
						</TimeDemandType>
					</timeDemandTypes>
				</ServiceFrame>
				<InfrastructureFrame version="any" id="spq:InfrastructureFrame:Fr1234">
					<spatialFeatures>
						<ComplexFeature version="any" id="gis:ComplexFeature:Road_RueDeParis1">
							<Name>Rue de Paris</Name>
							<featureMembers>
								<ComplexFeatureMember version="any" id="gis:ComplexFeatureMember:Road_RueDeParis1_P001">
									<VersionOfObjectRef nameOfRefClass="RoadJunction" ref="gis:RdP_RueDeParis1_001"/>
								</ComplexFeatureMember>
								<ComplexFeatureMember id="gis:ComplexFeatureMember:Road_RueDeParis1_P002">
									<VersionOfObjectRef nameOfRefClass="RoadJunction" ref="gis:RdP_RueDeParis1_002"/>
								</ComplexFeatureMember>
								<ComplexFeatureMember version="any" id="gis:ComplexFeatureMember:Road_RueDeParis1_P003">
									<VersionOfObjectRef nameOfRefClass="RoadJunction" ref="gis:RdP_RueDeParis1_003"/>
								</ComplexFeatureMember>
								<ComplexFeatureMember version="any" id="gis:ComplexFeatureMember:Road_RueDeParis1_P004">
									<VersionOfObjectRef nameOfRefClass="RoadJunction" ref="gis:RdP_RueDeParis1_004"/>
								</ComplexFeatureMember>
								<ComplexFeatureMember id="gis:ComplexFeatureMember:Road_RueDeParis1_L001">
									<VersionOfObjectRef nameOfRefClass="RoadElement" ref="gis:RoadElement:RdE_RueDeParis1_002to003"/>
								</ComplexFeatureMember>
								<ComplexFeatureMember id="gis:ComplexFeatureMember:Road_RueDeParis1_L002">
									<VersionOfObjectRef nameOfRefClass="RoadElement" ref="gis:RoadElement:RdE_RueDeParis1_003to004"/>
								</ComplexFeatureMember>
							</featureMembers>
						</ComplexFeature>
						<ComplexFeature version="any" id="gis:ComplexFeature:RdP_RouteDeLaReine1">
							<Name>Route De la Reine</Name>
							<featureMembers>
								<ComplexFeatureMember id="gis:ComplexFeatureMember:RdP_RouteDeLaReine1_P001">
									<VersionOfObjectRef nameOfRefClass="RoadJunction" ref="gis:RdP_RouteDeLaReine_021"/>
								</ComplexFeatureMember>
								<ComplexFeatureMember id="gis:ComplexFeatureMember:RdP_RouteDeLaReine1_P002">
									<VersionOfObjectRef nameOfRefClass="RoadJunction" ref="gis:RdP_RouteDeLaReine_022"/>
								</ComplexFeatureMember>
								<ComplexFeatureMember id="gis:ComplexFeatureMember:RdP_RouteDeLaReine1_L001">
									<VersionOfObjectRef nameOfRefClass="RoadElement" ref="gis:RoadElement:RdE_RouteDeLaReine_004to005"/>
								</ComplexFeatureMember>
							</featureMembers>
						</ComplexFeature>
						<ComplexFeature version="any" id="gis:ComplexFeature:RdP_RueThiere1">
							<Name>Rue Thiere</Name>
							<featureMembers>
								<ComplexFeatureMember id="gis:ComplexFeatureMember:RdP_RueThiere1_P002">
									<VersionOfObjectRef nameOfRefClass="RoadJunction" ref="gis:RoadJunction:RdP_RueThiere_002"/>
								</ComplexFeatureMember>
								<ComplexFeatureMember id="gis:ComplexFeatureMember:RdP_RueThiere1_P003">
									<VersionOfObjectRef nameOfRefClass="RoadJunction" ref="gis:RoadJunction:RdP_RueThiere_003"/>
								</ComplexFeatureMember>
								<ComplexFeatureMember id="gis:ComplexFeatureMember:RdP_RueThiere1_P004">
									<VersionOfObjectRef nameOfRefClass="RoadJunction" ref="gis:RoadJunction:RdP_RueThiere_004"/>
								</ComplexFeatureMember>
								<ComplexFeatureMember id="gis:ComplexFeatureMember:RdP_RueThiere1_P005">
									<VersionOfObjectRef nameOfRefClass="RoadJunction" ref="gis:RoadJunction:RdP_RueThiere_005"/>
								</ComplexFeatureMember>
								<ComplexFeatureMember id="gis:ComplexFeatureMember:RdP_RueThiere1_L001">
									<VersionOfObjectRef nameOfRefClass="RoadElement" ref="gis:RoadElement:RdE_RueThiere_X022to002"/>
								</ComplexFeatureMember>
								<ComplexFeatureMember id="gis:ComplexFeatureMember:RdP_RueThiere1_L002">
									<VersionOfObjectRef nameOfRefClass="RoadElement" ref="gis:RoadElement:RdE_RueThiere_002to003"/>
								</ComplexFeatureMember>
								<ComplexFeatureMember id="gis:ComplexFeatureMember:RdP_RueThiere1_L003">
									<VersionOfObjectRef nameOfRefClass="RoadElement" ref="gis:RoadElement:RdE_RueThiere_003to004"/>
								</ComplexFeatureMember>
								<ComplexFeatureMember id="gis:ComplexFeatureMember:RdP_RueThiere1_L004">
									<VersionOfObjectRef nameOfRefClass="RoadElement" ref="gis:RoadElement:RdE_RueThiere_004to005"/>
								</ComplexFeatureMember>
							</featureMembers>
						</ComplexFeature>
						<ComplexFeature version="any" id="gis:ComplexFeature:RdP_RueDuPointDuJour1">
							<Name>Rue du Point du Jour</Name>
						</ComplexFeature>
						<ComplexFeature version="any" id="gis:ComplexFeature:RdE_BvdJeanJaures">
							<Name>Boulevard  Jean Jaures</Name>
						</ComplexFeature>
						<ComplexFeature version="any" id="gis:ComplexFeature:RdE_AvGenLeclerc">
							<Name>Avenue General Leclerc</Name>
						</ComplexFeature>
					</spatialFeatures>
					<junctions>
						<RoadJunction version="any" id="gis:RoadJunction:RdP_RueDeParis1_001">
							<Name>start at PontCLoud end></Name>
						</RoadJunction>
						<RoadJunction version="any" id="gis:RoadJunction:RdP_RueDeParis1_002">
							<Name>Rue de Paris x  Rue de Silly</Name>
						</RoadJunction>
						<RoadJunction version="any" id="gis:RoadJunction:RdP_RueDeParis1_003">
							<Name>Rue de Paris x  Rue d'Agguesseau</Name>
						</RoadJunction>
						<RoadJunction version="any" id="gis:RoadJunction:RdP_RueDeParis1_004">
							<Name>Rue de Paris x  Rue de L'Est</Name>
						</RoadJunction>
						<RoadJunction version="any" id="gis:RoadJunction:RdP_RouteDeLaReine_021">
							<Name>Route De la Reine x  Rue de L'Est</Name>
						</RoadJunction>
						<RoadJunction version="any" id="gis:RoadJunction:RdP_RouteDeLaReine_022">
							<Name>Route De la Reine x Av Victor Hugo </Name>
						</RoadJunction>
						<RoadJunction version="any" id="gis:RoadJunction:RdP_RueThiere_002">
							<Name>Rue Thiere x Rue Galieni  </Name>
						</RoadJunction>
						<RoadJunction version="any" id="gis:RoadJunction:RdP_RueThiere_003">
							<Name>Rue Thiere x Av Edouard Vaillant  </Name>
						</RoadJunction>
						<RoadJunction version="any" id="gis:RoadJunction:RdP_RueThiere_004">
							<Name>Rue Thiere x Rue Marcel Dassault</Name>
						</RoadJunction>
						<RoadJunction version="any" id="gis:RoadJunction:RdP_RueThiere_005">
							<Name>Rue Thiere x Rue du Pon du Jour </Name>
						</RoadJunction>
						<RoadJunction version="any" id="gis:RoadJunction:RdP_DuPointDuJour_041">
							<Name>Rue Du Point du Jour x  Rue de Seine</Name>
						</RoadJunction>
						<RoadJunction version="any" id="gis:RoadJunction:RdP_BvdJeanJaures_021">
							<Name>Rue Du Point du Jour x Bvd  Jean Jaures</Name>
						</RoadJunction>
						<RoadJunction version="any" id="gis:RoadJunction:RdP_BvdJeanJaures_022">
							<Name>Bvd  Jean Jaures x Rue Du Dome</Name>
						</RoadJunction>
						<RoadJunction version="any" id="gis:RoadJunction:RdP_AvGenLeclerc_050">
							<Name>Av Gen Leclerc  x Bvd  Jean Jaures</Name>
						</RoadJunction>
						<RoadJunction version="any" id="gis:RoadJunction:RdP_AvGenLeclerc_051">
							<Name>Av Gen Leclerc  x Rue de la ferme</Name>
						</RoadJunction>
						<RoadJunction version="any" id="gis:RoadJunction:RdP_AvGenLeclerc_052">
							<Name>Av Gen Leclerc   x Pont de Sevres</Name>
						</RoadJunction>
					</junctions>
					<elements>
						<RoadElement version="any" id="gis:RoadElement:RdE_RueDeParis1_002to003">
							<Name>Rue de Paris:  x Rue de Silly to Rue de Paris x Rue d'Agguesseau</Name>
							<FromPointRef version="any" ref="gis:RoadJunction:RdP_RueDeParis1_002"/>
							<ToPointRef version="any" ref="gis:RoadJunction:RdP_RueDeParis1_003"/>
						</RoadElement>
						<RoadElement version="any" id="gis:RoadElement:RdE_RueDeParis_003to004">
							<Name>Rue de Paris:  x  Rue d'Agguesseau to Rue de Paris x Rue de l'est</Name>
							<FromPointRef version="any" ref="gis:RoadJunction:RdP_RueDeParis1_003"/>
							<ToPointRef version="any" ref="gis:RoadJunction:RdP_RueDeParis1_004"/>
						</RoadElement>
						<RoadElement version="any" id="gis:RoadElement:RdE_RouteDeLaReine_004to005">
							<Name>Rue de l'est : x Rue de Silly to Route De la Reine x Rue de l'est </Name>
							<FromPointRef version="any" ref="gis:RoadJunction:RdP_RueDeParis1_004"/>
							<ToPointRef version="any" ref="gis:RoadJunction:RdP_RouteDeLaReine_021"/>
						</RoadElement>
						<RoadElement version="any" id="gis:RoadElement:RdE_RouteDeLaReine_021to022">
							<Name>Route De la Reine:  x Rue de l'est to Route De la Reine  x Av Victor Hugo   </Name>
							<FromPointRef version="any" ref="gis:RoadJunction:RdP_RouteDeLaReine_021"/>
							<ToPointRef version="any" ref="gis:RoadJunction:RdP_RouteDeLaReine_022"/>
						</RoadElement>
						<RoadElement version="any" id="gis:RoadElement:RdE_RueThiere_X022to002">
							<Name> Rue Thiere: Route De la Reine  x AV Victor Hugo   to Rue Thiere x Rue Galieni </Name>
							<FromPointRef version="any" ref="gis:RoadJunction:RdP_RouteDeLaReine_022"/>
							<ToPointRef version="any" ref="gis:RoadJunction:RdP_RueThiere_002"/>
						</RoadElement>
						<RoadElement version="any" id="gis:RoadElement:RdE_RueThiere_002to003">
							<Name>Rue Thiere : x Rue Galieni    to Rue Thiere x Av Edouard Vaillant  </Name>
							<FromPointRef version="any" ref="gis:RoadJunction:RdP_RueThiere_002"/>
							<ToPointRef version="any" ref="gis:RoadJunction:RdP_RueThiere_003"/>
						</RoadElement>
						<RoadElement version="any" id="gis:RoadElement:RdE_RueThiere_003to004">
							<Name> Rue Thiere : x Av Eiouard Vaillant  to  Rue Thiere x Rue Marcel Dassault</Name>
							<FromPointRef version="any" ref="gis:RoadJunction:RdP_RueThiere_003"/>
							<ToPointRef version="any" ref="gis:RoadJunction:RdP_RueThiere_004"/>
						</RoadElement>
						<RoadElement version="any" id="gis:RoadElement:RdE_RueThiere_004to005">
							<Name> Rue Thiere:  x  Rue Marcel Dassault to   Rue Thiere x DuPontDuJour </Name>
							<FromPointRef version="any" ref="gis:RoadJunction:RdP_RueThiere_004"/>
							<ToPointRef version="any" ref="gis:RoadJunction:RdP_RueThiere_005"/>
						</RoadElement>
						<RoadElement version="any" id="gis:RoadElement:RdE_RueDuPontDuJour_005toX041">
							<Name> Rue  Du Point du Jour: Rue Thiere x  Rue du Pont du Jourto  Rue Du Point du Jour x  Rue de Seine</Name>
							<FromPointRef version="any" ref="gis:RoadJunction:RdP_RueThiere_005"/>
							<ToPointRef version="any" ref="gis:RoadJunction:RdP_DuPointDuJour_041"/>
						</RoadElement>
						<RoadElement version="any" id="gis:RoadElement:RdE_RueDuPointDuJour_041to042">
							<Name>Rue Du Point du Jour : x  Rue de Seine to   Rue du Pont du Jour  x Bvd  Jean Jaures</Name>
							<FromPointRef version="any" ref="gis:RoadJunction:RdP_DuPointDuJour_041"/>
							<ToPointRef version="any" ref="gis:RoadJunction:RdP_BvdJeanJaures_021"/>
						</RoadElement>
						<RoadElement version="any" id="gis:RoadElement:RdE_BvdJeanJaures_021to022">
							<Name>Bvd Jean Jaures:  Rue du Pont du Jour  x Bvd  Jean Jaures to  Bvd  Jean Jaures x Rue Du Dome</Name>
							<FromPointRef version="any" ref="gis:RoadJunction:RdP_BvdJeanJaures_021"/>
							<ToPointRef version="any" ref="gis:RoadJunction:RdP_BvdJeanJaures_022"/>
						</RoadElement>
						<RoadElement version="any" id="gis:RoadElement:RdE_BvdJeanJaures_022to023">
							<Name>Bvd Jean Jaures:   Bvd  Jean Jaures x Rue Du Dome to    Av Gen Leclerc :   x Bvd  Jean Jaures</Name>
							<FromPointRef version="any" ref="gis:RoadJunction:RdP_BvdJeanJaures_022"/>
							<ToPointRef version="any" ref="gis:RoadJunction:RdP_AvGenLeclerc_050"/>
						</RoadElement>
						<RoadElement version="any" id="gis:RoadElement:RdE_AvGenLeclerc_050to051">
							<Name>Av Gen Leclerc :   x Bvd  Jean Jaures  to  Av Gen Leclerc x Rue de la ferme</Name>
							<FromPointRef version="any" ref="gis:RoadJunction:RdP_AvGenLeclerc_050"/>
							<ToPointRef version="any" ref="gis:RoadJunction:RdP_AvGenLeclerc_051"/>
						</RoadElement>
						<RoadElement version="any" id="gis:RoadElement:RdE_AvGenLeclerc_051to052">
							<Name> Av Gen Leclerc : Av Gen Leclerc x Rue de la ferme to    Av Gen Leclerc   x Pont de Sevres</Name>
							<FromPointRef version="any" ref="gis:RoadJunction:RdP_AvGenLeclerc_051"/>
							<ToPointRef version="any" ref="gis:RoadJunction:RdP_AvGenLeclerc_052"/>
						</RoadElement>
					</elements>
				</InfrastructureFrame>
			</frames>
		</CompositeFrame>
	</dataObjects>
</PublicationDelivery>
