<?xml version="1.0" encoding="iso-8859-1"?>
<!-- ==== SImple Carrier  Example ====== 
This example provides an example of encodeing tap TCVS Series  data  in NeTEx XML
 
 
The example is taken from ERA/TD/2009-04/INT: Annex B,1 of Tap TSI 

SHows just the encoding of series 

			 series222  - Marktredwitz * Wuerrzburg * Hannover</Itinerary>
			series333 -   (Bremen / Hannover) 
							 
			 series444  -  Stralsund  * (Schwerin / Luebeck) 
						 
			series888 -    (Jena/Hof> * Berlin Friedrichstr * (Buechen / Luebeck)) 
			 
			series777 - (Giessen * Dortmund    / Goettingen) 
 
 

(C) ERA  Copyright 2013
-->
<PublicationDelivery version="1.0" xsi:schemaLocation="http://www.netex.org.uk/netex ../../../../xsd/NeTEx_publication.xsd" xmlns="http://www.netex.org.uk/netex" xmlns:gml="http://www.opengis.net/gml/3.2" xmlns:siri="http://www.siri.org.uk/siri" xmlns:xsi="http://www.w3.org/2001/XMLSchema-instance">
	<PublicationTimestamp>2001-12-17T09:30:47.0Z</PublicationTimestamp>
	<ParticipantRef>SYS001</ParticipantRef>
	<!--- ======WHAT WAS REQUESTED ========== -->
	<Description>Simple Series example</Description>
	<!--- =============== RESULTS =========== -->
	<dataObjects>
		<CompositeFrame version="1" id="tap:CF001">
		
			<TypeOfFrameRef ref="uic:B1"  />
			<!--- ======= CODESPACEs======== -->
			<codespaces>
				<Codespace id="tap:tap:Codespace:tap">
					<Xmlns>tap</Xmlns>
					<XmlnsUrl>http://www.era.eu/ru</XmlnsUrl>
					<Description>TAP TSI location </Description>
				</Codespace>
			</codespaces>
			<!--- =======FRAME DEFAULTS======== -->
			<FrameDefaults>
				<DefaultCodespaceRef ref="tap:tap:Codespace:tap"/>
			</FrameDefaults>
			<frames>
				<!--    == DISTANCE  based  example  =====  -->
				<FareFrame id="tap:FareFrame:222" version="any" modification="revise">
				
				
					<!--- ====Pricing Parmaters======= -->
					<PricingParameterSet id="tap:PricingParameterSet:tapway" version="any">
						<pricingRules>
						<PricingRule version="any" id="tap:PricingRule:route">
								<Name>Tap Route based pricing</Name>
							</PricingRule>	
								<PricingRule version="any" id="tap:PricingRule:distance">
								<Name>Tap Distance based pricing</Name>
							</PricingRule>		
					 
						</pricingRules>
					</PricingParameterSet>
					<!--  === SERIES INFO - NOTICES === -->
					<notices>
						<Notice id="tap:Notice:SeriesInfo123" version="01">
							<Text>text line 1  in Official Language  / text line 2  in Official Languag / text line 3   in Official Languag/ text line 4   in Official Languag </Text>
							<TypeOfNoticeRef ref="tap:seriesInfo"/>
							<variants>
								<DeliveryVariant id="tap:DeliveryVariant:SeriesInfo123@of" version="01">
									<TypeOfDeliveryVariantRef ref="tap:seriesInfoOfficial"/>
									<VariantText lang="de">text line 1  im Deutsch  / text line 2  im Deutsch  / text line 3  im Deutsch  / text line 4  im Deutsch   </VariantText>
								</DeliveryVariant>
								<DeliveryVariant id="tap:DeliveryVariant:SeriesInfo123@fr" version="01">
									<TypeOfDeliveryVariantRef ref="tap:seriesInfoFr"/>
									<VariantText lang="fr">text line 1  en francais / text line 2 en francais / text line 3  en francais  / text line 4  en francais  </VariantText>
								</DeliveryVariant>
								<DeliveryVariant id="tap:DeliveryVariant:SeriesInfo123@de" version="01">
									<TypeOfDeliveryVariantRef ref="tap:seriesInfoDe"/>
									<VariantText lang="de">text line 1  im Deutsch  / text line 2  im Deutsch  / text line 3  im Deutsch  / text line 4  im Deutsch   </VariantText>
								</DeliveryVariant>
								<DeliveryVariant id="tap:DeliveryVariant:SeriesInfo123@en" version="01">
									<TypeOfDeliveryVariantRef ref="tap:seriesInfoEn"/>
									<VariantText lang="en">text line 1  in English / text line 2  in English/ text line 3  in English / text line 4  in English  </VariantText>
								</DeliveryVariant>
							</variants>
						</Notice>
					</notices>
					<fareScheduledStopPoints>
						<FareScheduledStopPoint id="tap:FareScheduledStopPoint:26002" version="01">
							<Name>Hof</Name>
							<StopType>railStation</StopType>
							<NameOnRouting lang="de">Hof</NameOnRouting>
						</FareScheduledStopPoint>
						<FareScheduledStopPoint id="tap:FareScheduledStopPoint:23002" version="01">
							<Name>Halle</Name>
							<StopType>railStation</StopType>
							<NameOnRouting lang="de">Halle</NameOnRouting>
						</FareScheduledStopPoint>
						<FareScheduledStopPoint id="tap:FareScheduledStopPoint:27359" version="01">
							<Name>Schwerin</Name>
						</FareScheduledStopPoint>
						<FareScheduledStopPoint id="tap:FareScheduledStopPoint:213002" version="01">
							<Name>Berlin</Name>
						</FareScheduledStopPoint>
						<FareScheduledStopPoint id="tap:FareScheduledStopPoint:17001" version="01">
							<Name>Marktredwitz</Name>
						</FareScheduledStopPoint>
						<FareScheduledStopPoint id="tap:FareScheduledStopPoint:17002" version="01">
							<Name>Wuerrzburg</Name>
						</FareScheduledStopPoint>
						<FareScheduledStopPoint id="tap:FareScheduledStopPoint:17004" version="01">
							<Name>Bremen</Name>
						</FareScheduledStopPoint>
						<FareScheduledStopPoint id="tap:FareScheduledStopPoint:17043" version="01">
							<Name>Hannover</Name>
						</FareScheduledStopPoint>
						<FareScheduledStopPoint id="tap:FareScheduledStopPoint:17005" version="01">
							<Name>Stralsund</Name>
						</FareScheduledStopPoint>
						<FareScheduledStopPoint id="tap:FareScheduledStopPoint:17010" version="01">
							<Name>Luebeck</Name>
						</FareScheduledStopPoint>
						<FareScheduledStopPoint id="tap:FareScheduledStopPoint:17011" version="01">
							<Name>Giessen</Name>
						</FareScheduledStopPoint>
						<FareScheduledStopPoint id="tap:FareScheduledStopPoint:17012" version="01">
							<Name>Dortmund</Name>
						</FareScheduledStopPoint>
						<FareScheduledStopPoint id="tap:FareScheduledStopPoint:17013" version="01">
							<Name>Goettingen</Name>
						</FareScheduledStopPoint>
						<FareScheduledStopPoint id="tap:FareScheduledStopPoint:17031" version="01">
							<Name>Jena</Name>
						</FareScheduledStopPoint>
						<FareScheduledStopPoint id="tap:FareScheduledStopPoint:17032" version="01">
							<Name>Berlin Friedrichstr </Name>
						</FareScheduledStopPoint>
						<FareScheduledStopPoint id="tap:FareScheduledStopPoint:17033" version="01">
							<Name>Buechen</Name>
						</FareScheduledStopPoint>
						<FareScheduledStopPoint id="tap:FareScheduledStopPoint:21001" version="01">
							<Name>Prague</Name>
						</FareScheduledStopPoint>
					</fareScheduledStopPoints>
					<seriesConstraints>
						<SeriesConstraint order="1" id="tap:SeriesConstraint:series222" version="01">
							<Name>Example ofrequired route</Name>
							<PricingRuleRef version="any"   ref="tap:PricingRule:distance"/>
							<Itinerary>Marktredwitz * Wuerrzburg * Hannover</Itinerary>
							<SeriesType>stationToStation</SeriesType>
							<farePointsInPattern>
								<FarePointInPattern id="tap:FarePointInPattern:series222@01" version="01" order="1">
									<ScheduledStopPointView>
										<FareScheduledStopPointRef ref="tap:FareScheduledStopPoint:17001" version="01"/>
										<ShortName>Marktredwitz</ShortName>
									</ScheduledStopPointView>
									<PresentationPosition>required</PresentationPosition>
								</FarePointInPattern>
								<FarePointInPattern id="tap:FarePointInPattern:series222@02" version="01" order="2">
									<ScheduledStopPointView>
										<FareScheduledStopPointRef ref="tap:FareScheduledStopPoint:17002" version="01"/>
										<ShortName>Wuerrzburg</ShortName>
									</ScheduledStopPointView>
									<PresentationPosition>required</PresentationPosition>
								</FarePointInPattern>
								<FarePointInPattern id="tap:FarePointInPattern:series222@03" version="01" order="3">
									<ScheduledStopPointView>
										<FareScheduledStopPointRef ref="tap:FareScheduledStopPoint:17043" version="01"/>
										<ShortName>Hannover</ShortName>
									</ScheduledStopPointView>
									<PresentationPosition>required</PresentationPosition>
								</FarePointInPattern>
							</farePointsInPattern>
						</SeriesConstraint>
						<SeriesConstraint order="1" id="tap:SeriesConstraint:series333" version="01">
							<Name>Example of conditional  route</Name>
							<PricingRuleRef version="any"   ref="tap:PricingRule:distance"/>
							<Itinerary>(Bremen / Hannover)</Itinerary>
							<SeriesType>stationToStation</SeriesType> 
							<farePointsInPattern>
								<FarePointInPattern id="tap:FarePointInPattern:series333@01" version="01" order="1">
									<ScheduledStopPointView>
										<FareScheduledStopPointRef ref="tap:FareScheduledStopPoint:17004" version="01"/>
										<ShortName>Bremen</ShortName>
									</ScheduledStopPointView>
									<PresentationPosition>optionalLeft</PresentationPosition>
								</FarePointInPattern>
								<FarePointInPattern id="tap:FarePointInPattern:series333@03" version="01" order="2">
									<ScheduledStopPointView>
										<FareScheduledStopPointRef ref="tap:FareScheduledStopPoint:17043" version="01"/>
										<ShortName>Hannover</ShortName>
									</ScheduledStopPointView>
									<PresentationPosition>optionalRight</PresentationPosition>
								</FarePointInPattern>
							</farePointsInPattern>
						</SeriesConstraint>
						<SeriesConstraint order="1" id="tap:SeriesConstraint:series444" version="01">
							<Name>Example of optional branch  route</Name>
							<PricingRuleRef version="any"   ref="tap:PricingRule:distance"/>
							<Itinerary>Stralsund  * (Schwerin / Luebeck)</Itinerary>
							<SeriesType>stationToStation</SeriesType> 
							<farePointsInPattern>
								<FarePointInPattern id="tap:FarePointInPattern:series444@01" version="01" order="1">
									<ScheduledStopPointView>
										<FareScheduledStopPointRef ref="tap:FareScheduledStopPoint:17005" version="01"/>
										<ShortName>Stralsund</ShortName>
									</ScheduledStopPointView>
									<PresentationPosition>required</PresentationPosition>
								</FarePointInPattern>
								<FarePointInPattern id="tap:FarePointInPattern:series444@02" version="01" order="2">
									<ScheduledStopPointView>
										<FareScheduledStopPointRef ref="tap:FareScheduledStopPoint:27359" version="01"/>
										<ShortName>Schwerin</ShortName>
									</ScheduledStopPointView>
									<PresentationPosition>optionalLeft</PresentationPosition>
								</FarePointInPattern>
								<FarePointInPattern id="tap:FarePointInPattern:series444@03" version="01" order="3">
									<ScheduledStopPointView>
										<FareScheduledStopPointRef ref="tap:FareScheduledStopPoint:17010" version="01"/>
										<ShortName>Luebeck</ShortName>
									</ScheduledStopPointView>
									<PresentationPosition>optionalRight</PresentationPosition>
								</FarePointInPattern>
							</farePointsInPattern>
						</SeriesConstraint>
						<SeriesConstraint order="1" id="tap:SeriesConstraint:series888" version="01">
							<Name>Example ofoptional branch  route</Name>
							<PricingRuleRef version="any"   ref="tap:PricingRule:distance"/>
							<Itinerary>(Jena/Hof> * Berlin Friedrichstr * (Buechen / Luebeck))</Itinerary>
							<SeriesType>stationToStation</SeriesType> 
							<farePointsInPattern>
								<FarePointInPattern id="tap:FarePointInPattern:series888@01" version="01" order="1">
									<ScheduledStopPointView>
										<FareScheduledStopPointRef ref="tap:FareScheduledStopPoint:17031" version="01"/>
										<Name>Jena</Name>
									</ScheduledStopPointView>
									<PresentationPosition>optionalLeft</PresentationPosition>
								</FarePointInPattern>
								<FarePointInPattern id="tap:FarePointInPattern:series888@02" version="01" order="2">
									<ScheduledStopPointView>
										<FareScheduledStopPointRef ref="tap:FareScheduledStopPoint:26002" version="01"/>
										<Name>Hof</Name>
									</ScheduledStopPointView>
									<PresentationPosition>optionalRight</PresentationPosition>
								</FarePointInPattern>
								<FarePointInPattern id="tap:FarePointInPattern:series888@03" version="01" order="3">
									<ScheduledStopPointView>
										<FareScheduledStopPointRef ref="tap:FareScheduledStopPoint:17032" version="01"/>
										<ShortName>Berlin Friedrichstr</ShortName>
									</ScheduledStopPointView>
									<PresentationPosition>required</PresentationPosition>
								</FarePointInPattern>
								<FarePointInPattern id="tap:FarePointInPattern:series888@04" version="01" order="4">
									<ScheduledStopPointView>
										<FareScheduledStopPointRef ref="tap:FareScheduledStopPoint:17033" version="01"/>
										<Name>Buechen</Name>
									</ScheduledStopPointView>
									<PresentationPosition>optionalLeft</PresentationPosition>
								</FarePointInPattern>
								<FarePointInPattern id="tap:FarePointInPattern:series888@05" version="01" order="5">
									<ScheduledStopPointView>
										<FareScheduledStopPointRef ref="tap:FareScheduledStopPoint:17010" version="01"/>
										<Name>Luebeck</Name>
									</ScheduledStopPointView>
									<PresentationPosition>optionalRight</PresentationPosition>
								</FarePointInPattern>
							</farePointsInPattern>
						</SeriesConstraint>
						<SeriesConstraint order="1" id="tap:SeriesConstraint:series777" version="01">
							<Name>Example of optional barnches   </Name>
							<PricingRuleRef version="any"   ref="tap:PricingRule:distance"/>
							<Itinerary>(Giessen * Dortmund    / Goettingen)</Itinerary> 
							<farePointsInPattern>
								<FarePointInPattern id="tap:FarePointInPattern:series777@01" version="01" order="1">
									<ScheduledStopPointView>
										<FareScheduledStopPointRef ref="tap:FareScheduledStopPoint:17011" version="01"/>
										<Name>Giessen</Name>
									</ScheduledStopPointView>
									<AbridgementRanking>2</AbridgementRanking>
									<PresentationPosition>optionalLeft</PresentationPosition>
								</FarePointInPattern>
								<FarePointInPattern id="tap:FarePointInPattern:series777@02" version="01" order="2">
									<ScheduledStopPointView>
										<FareScheduledStopPointRef ref="tap:FareScheduledStopPoint:17012" version="01"/>
										<Name>Dortmund</Name>
									</ScheduledStopPointView>
									<AbridgementRanking>2</AbridgementRanking>
									<PresentationPosition>optionalLeft</PresentationPosition>
								</FarePointInPattern>
								<FarePointInPattern id="tap:FarePointInPattern:series777@03" version="01" order="3">
									<ScheduledStopPointView>
										<FareScheduledStopPointRef ref="tap:FareScheduledStopPoint:17013" version="01"/>
										<Name>Goettingen</Name>
									</ScheduledStopPointView>
									<AbridgementRanking>3</AbridgementRanking>
									<PresentationPosition>optionalRight</PresentationPosition>
								</FarePointInPattern>
							</farePointsInPattern>
						</SeriesConstraint>
					</seriesConstraints>
				</FareFrame>
			</frames>
		</CompositeFrame>
	</dataObjects>
</PublicationDelivery>
