<?xml version="1.0" encoding="iso-8859-1"?>
<!-- ==== SImple Network Example ====== 
This Example provides an example of a NeTEx encoding of a GTFS Transfers.txt file
from the sample-feed.zip available at 
  http://code.google.com/transit/spec/transit_feed_specification.html
 
This data is added as it was missing  the zip
 
1. DATA
    It comprises
from_stop_id,to_stop_id, transfer_type,min_transfer_time,
NADAV,BOONDOCK,0,360 
STAGECOACH,HOLDUP,1,
DADAN,DARAH,2,180
BULLFROG,POND,3

2. MAPPING

A GTFS Transfer maps to a NeTEx CONNECTION + TRANSFER RESTRICTION or INTERCHANGE RULE

GTFS															NeTEx
from_stop_id,												<Connection><From PointRef> 
to_stop_id,													<Connection><To PointRef> 
transfer_type, 		0	Recommended transfer	 <InterchangeRule> <Priority> 
							1	Timed transfer, waits		<InterchangeRule> <Guaranteed>
							2	min transfer tme			<Connection> <TransferDuration> <DefaultDuration>
							3	No transfer					<TransferRestriction> 
min_transfer_time,	 										<Connection><LineRef> 
 

3. Notes

     LinkSequenceProjection  (Added) Can be derived from projection of individual links and points

 GTFS Data copyright Google Inc

 NeTEx (C) CEN Copyright 2010
-->
<PublicationDelivery version="1.0" xsi:schemaLocation="http://www.netex.org.uk/netex ../../../xsd/NeTEx_publication.xsd" xmlns="http://www.netex.org.uk/netex" xmlns:xsi="http://www.w3.org/2001/XMLSchema-instance" >
	<PublicationTimestamp>2001-12-17T09:30:47.0Z</PublicationTimestamp>
	<ParticipantRef>SYS001</ParticipantRef>
	<!--- ======WHAT WAS REQUESTED ========== -->
	<PublicationRequest version="1.0">
		<RequestTimestamp>2001-12-17T09:30:47.0Z</RequestTimestamp>
		<ParticipantRef>SYS002</ParticipantRef>
	</PublicationRequest>
	<PublicationRefreshInterval>P3M</PublicationRefreshInterval>
	<Description>Example of GTFS Service Journey data  (trips.txt file)</Description>
	<!--- =============== RESULTS =========== -->
	<dataObjects>
		<CompositeFrame version="1" id="gtfs:CompositeFrame:GTFS_metadata">
					<!--- ======= CODESPACEs======== -->
			<codespaces>
				<Codespace id="mygtfsxm">
					<Xmlns>mygtfsxm</Xmlns>
					<XmlnsUrl>http://www.demoagency.com/</XmlnsUrl>
					<Description>Demo Agency</Description>
				</Codespace>
			</codespaces>
			<!--- =======FRAME DEFAULTS======== -->
			<FrameDefaults>
				<DefaultCodespaceRef ref="mygtfsxm"/>
				<DefaultCurrency>USD</DefaultCurrency>
			</FrameDefaults>
			<frames>
				<ResourceFrame version="any" id="gtfs:ResourceFrame:GTFS_BuiltIn_Codes">
					<Name>GTFS Built in values: Metadata defining Google values:  Stop@Location_type,</Name>
					<typesOfValue>
						<ValueSet version="any" id="gtfs:ValueSet:GTFS_TransferTypes">
							<Name>GTFS Built in Transfer Types transfer@transfer_type</Name>
							<values>
								<TypeOfTransfer version="any" id="gtfs:TypeOfTransfer:0">
									<Name>0	Recommended transfer	 : GTFS Transfer Type  for use on Connection</Name>
								</TypeOfTransfer>
								<TypeOfTransfer version="any" id="gtfs:TypeOfTransfer:1">
									<Name>1	Timed transfer, waits	GTFS Station Type for use on Connection</Name>
								</TypeOfTransfer>
								<TypeOfTransfer version="any" id="gtfs:TypeOfTransfer:2">
									<Name>	2	min transfer tme GTFS Stop Type for use on Connection</Name>
								</TypeOfTransfer>
								<TypeOfTransfer version="any" id="gtfs:TypeOfTransfer:3">
									<Name>3	No transfer	 GTFS Station Type for use on Connection </Name>
								</TypeOfTransfer>
							</values>
						</ValueSet>
					</typesOfValue>
				</ResourceFrame>
				<!--- =======ACTUAL DATA========== -->
				<ServiceFrame id="mygtfsexm:ServiceFrame:DTA" version="any">
					<connections>
						<Connection version="any" id="mygtfsexm:Connection:NADAV-BOONDOCK">
							<TypeOfTransferRef version="any" ref="gtfs:TypeOfTransfer:0"/>
							<!--  NADAV,BOONDOCK,0,360   -->
							<TransferDuration>
								<DefaultDuration>PT6M</DefaultDuration>
							</TransferDuration>
							<From>
								<ScheduledStopPointRef ref="mygtfsexm:ScheduledStopPoint:NADAV"/>
							</From>
							<To>
								<ScheduledStopPointRef ref="mygtfsexm:ScheduledStopPoint:BOONDOCK"/>
							</To>
						</Connection>
						<!-- =============  -->
						<Connection version="any" id="mygtfsexm:Connection:STAGECOACH-HOLDUP">
							<!-- STAGECOACH,HOLDUP,1, -->
							<TypeOfTransferRef ref="gtfs:TypeOfTransfer:1"/>
							<TransferDuration>
								<DefaultDuration>PT3M</DefaultDuration>
							</TransferDuration>
							<From>
								<ScheduledStopPointRef ref="mygtfsexm:ScheduledStopPoint:STAGECOACH"/>
							</From>
							<To>
								<ScheduledStopPointRef ref="mygtfsexm:ScheduledStopPoint:HOLDUP"/>
							</To>
						</Connection>
						<!-- ============= -->
						<Connection version="any" id="mygtfsexm:Connection:DADAN-DARAH">
							<!-- 	DADAN,DARAH,2,180 -->
							<TypeOfTransferRef version="any" ref="gtfs:TypeOfTransfer:2"/>
							<TransferDuration>
								<DefaultDuration>PT3M</DefaultDuration>
							</TransferDuration>
							<From>
								<ScheduledStopPointRef ref="mygtfsexm:ScheduledStopPoint:DADAN"/>
							</From>
							<To>
								<ScheduledStopPointRef ref="mygtfsexm:ScheduledStopPoint:DARAH"/>
							</To>
						</Connection>
						<!-- ============= -->
						<Connection version="any" id="mygtfsexm:Connection:BULLFROG-POND">
							<!-- 	BULLFROG,POND,3 -->
							<TypeOfTransferRef version="any" ref="gtfs:TypeOfTransfer:3"/>
							<TransferDuration>
								<DefaultDuration>PT3M</DefaultDuration>
							</TransferDuration>
							<From>
								<ScheduledStopPointRef ref="mygtfsexm:ScheduledStopPoint:BULLFROG"/>
							</From>
							<To>
								<ScheduledStopPointRef ref="mygtfsexm:ScheduledStopPoint:POND"/>
							</To>
						</Connection>
					</connections>
					<!--- ===Stops.txt==TRANSFER RESTRICTIONS======== -->
					<transferRestrictions>
						<TransferRestriction order='1' version="any" id="mygtfsexm:TransferRestriction:NADAV-BOONDOCK">
							<Name>No Transfer</Name>
							<TypeOfTransferRef version="any" ref="gtfs:TypeOfTransfer:0"/>
							<RestrictionType>cannotTransfer</RestrictionType>
							<FromPointRef ref="mygtfsexm:ScheduledStopPoint:NADAV"/>
							<ToPointRef ref="mygtfsexm:ScheduledStopPoint:BOONDOCK"/>
						</TransferRestriction>
						<TransferRestriction  order='1'  version="any" id="mygtfsexm:TransferRestriction:BULLFROG-POND">
							<TypeOfTransferRef ref="gtfs:TypeOfTransfer:3"/>
							<BothWays>true</BothWays>
							<RestrictionType>cannotTransfer</RestrictionType>
							<FromPointRef ref="mygtfsexm:ScheduledStopPoint:BULLFROG"/>
							<ToPointRef ref="mygtfsexm:ScheduledStopPoint:POND"/>
						</TransferRestriction>
					</transferRestrictions>
				</ServiceFrame>
				<TimetableFrame version="any" id="mygtfsexm:TimetableFrame:DTA">
					<interchangeRules>
						<InterchangeRule version="any" id="mygtfsexm:InterchangeRule:NADAV-BOONDOCK">
							<!-- NADAV,BOONDOCK,0,360 -->
							<ConnectionRef ref="mygtfsexm:Connection:NADAV-BOONDOCK"/>
							<Priority>1</Priority>
							<Advertised>true</Advertised>
						</InterchangeRule>
						<!-- =============  -->
						<InterchangeRule version="any" id="mygtfsexm:InterchangeRule:DADAN-DARAH">
							<!-- 	DADAN,DARAH,2,180 -->
							<ConnectionRef ref="DADAN-DARAH"/>
							<Priority>2</Priority>
							<Guaranteed>true</Guaranteed>
						</InterchangeRule>
						<!-- ============= -->
					</interchangeRules>
				</TimetableFrame>
			</frames>
		</CompositeFrame>
	</dataObjects>
</PublicationDelivery>
