<?xml version="1.0" encoding="iso-8859-1"?>
<!-- ==== SImple Network Example ====== 
This Example provides an example of a NeTEx encoding of a GTFS Stops.txt file
from the sample-feed.zip available at   http://code.google.com/transit/spec/transit_feed_specification.html

Sept 2011 version add stop_code
1. DATA
It comprises

stop_id,stope_code_stop_name,stop_desc,stop_lat,stop_lon,zone_id,stop_url, location_type, parent_station
FUR_CREEK_RES,121,Furnace Creek Resort (Demo),,36.425288,-117.133162,FareZone01,http://www.demoagency.org,0,
BEATTY_AIRPORT,122,Nye County Airport (Demo),,36.868446,-116.784582,FareZone01,http://www.demoagency.org,0,
BULLFROG,123,Bullfrog (Demo),,36.88108,-116.81797,FareZone01,http://www.demoagency.org,0,
STAGECOACH,124,Stagecoach Hotel & Casino (Demo),,36.915682,-116.751677,FareZone01,http://www.demoagency.org,0,
NADAV,125,North Ave / D Ave N (Demo),,36.914893,-116.76821,FareZone02,http://www.demoagency.org,0,
NANAA,126,North Ave / N A Ave (Demo),,36.914944,-116.761472,FareZone02,http://www.demoagency.org,0,
DADAN,127,Doing Ave / D Ave N (Demo),,36.909489,-116.768242,FareZone02,http://www.demoagency.org,0,
EMSI,129,E Main St / S Irving St (Demo),,36.905697,-116.76218,FareZone02,http://www.demoagency.org,0,
AMV,1231,Amargosa Valley (Demo),,36.641496,-116.40094,FareZone02,http://www.demoagency.org,0,

2. MAPPING

2.1 A GTFS stop as a point in a timetable maps to a NeTEx SCHEDULED STOP POINT

GTFS										NeTEx
stop_id,									<ScheduledStopPoint> <@id
stop_code									<ScheduledStopPoint> <PublicCode>
stop_name,								<ScheduledStopPoint> <Name>
stop_desc,								<ScheduledStopPoint> <Description>
stop_lat,									<ScheduledStopPoint> <Location> <Latitude>
stop_lon,									<ScheduledStopPoint> <Location> <Longitude>
zone_id,									<ScheduledStopPoint> <tariffZones> <TariffZoneRef> 
stop_url,									<ScheduledStopPoint>  <Url>
location_type, 	0 = Stop Point	<ScheduledStopPoint> 	(<TypeOfPointRef 0 >)  <StopType>onStreetBus</StopType>
						1 = Station		<ScheduledStopPoint> 	(<TypeOfPointRef 1 >)  <StopType>railStation</StopType>
parent_station							<ScheduledStopPoint> <stopAreas> <StopAreaRef> 


2.1  A GTFS stop as a physical stop  can also be mapped to a NeTEx STOP PLACE (station) and/or QUAY (ie platform)  
       

2.1.1 If location type is *1" (Station)

GTFS										NeTEx
stop_id,									<StopPlace> @id
stop_code,								<StopPlace> <PublicCode>
stop_name,								<StopPlace> <Name>
stop_desc,								<StopPlace> <Description>
stop_lat,									<StopPlace> <Centroid><Location> <Latitude>
stop_lon,									<StopPlace> <Centroid><Location> <Longitude>
zone_id,									<StopPlace> <tariffZones> <TariffZoneRef>@ref 
stop_url,									<StopPlace>  <Url> 
location_type, 	1 = Station		<StopPlace id=gtfs>  	(<TypeOfPointRef  = 1>) 
																		<StopType>railStation</StopType>
parent_station							<StopPlace version="any">  (<ParentSiteRef>  NB NEsting allowed)

2.1.1 If location type is *0" (Stop)

GTFS										NeTEx
stop_id,									<Quay> @id
stop_code,								<StopPlace> <PublicCode>
stop_name,								<Quay> <Name>
stop_desc,								<Quay> <Description>
stop_lat,									<Quay> <Centroid><Location> <Latitude>
stop_lon,									<Quay> <Centroid><Location> <Longitude>
zone_id,									<Quay> <tariffZones> <TariffZoneRef>
stop_url,									<Quay>  <Url>
location_type, 	0 = Stop Point	<Quay  id=gtfs>  (<TypeOfPlaceRef = "0">) 

parent_station							<Quay>   <ParentSiteRef> 


3. NOTES
   - You  can retain the Google Stop Type as    <TypeOfPointRef> e.g.	<TypeOfPointRef ref="gtfs:0"/>
   - This example add  urls (http://www.demoagency.org,) to the stop data to illustrate their use
   - This example adds two TARIFF ZONES to   the orignal example to illustrate their use  
			 mygtfsxm:FareZone01   &   mygtfsxm:FareZone02 


GTFS Data copyright Google Inc

 NeTEx (C) CEN Copyright 2010, 2011
-->
<PublicationDelivery version="1.0" xsi:schemaLocation="http://www.netex.org.uk/netex ../../../xsd/NeTEx_publication.xsd" xmlns="http://www.netex.org.uk/netex" xmlns:xsi="http://www.w3.org/2001/XMLSchema-instance"  >
	<PublicationTimestamp>2001-12-17T09:30:47.0Z</PublicationTimestamp>
	<ParticipantRef>SYS001</ParticipantRef>
	<!--- ======WHAT WAS REQUESTED ========== -->
	<Description>Example of GTFS stop data</Description>
	<!--- =============== RESULTS =========== -->
	<dataObjects>
		<CompositeFrame version="1" id="mygtfsxm:CompositeFrame:DTA">
			<!--- ======= CODESPACEs======== -->
			<codespaces>
				<Codespace id="mygtfsxm">
					<Xmlns>mygtfsxm</Xmlns>
					<XmlnsUrl>http://www.demoagency.com/</XmlnsUrl>
					<Description>Demo Agency</Description>
				</Codespace>
			</codespaces>
			<!--- =======FRAME DEFAULTS======== -->
			<FrameDefaults>
				<DefaultCodespaceRef ref="mygtfsxm"/>
				<DefaultCurrency>USD</DefaultCurrency>
			</FrameDefaults>
			<frames>
				<ResourceFrame version="any" id="gtfs:ResourceFrame:GTFS">
					<Name>GTFS Built in values</Name>
					<typesOfValue>
						<ValueSet version="any" id="gtfs:ValueSet:GTFS">
							<Name>GTFS Built in Stop Types:  Stop@location_type</Name>
							<values>
								<TypeOfPlace version="any" id="gtfs:TypeOfPlace:0">
									<Name>GTFS Stop Type  for use on StopPlace</Name>
								</TypeOfPlace>
								<TypeOfPlace version="any" id="gtfs:TypeOfPlace:1">
									<Name>GTFS Station Type for use on StopPlace</Name>
								</TypeOfPlace>
								<TypeOfPoint version="any" id="gtfs:TypeOfPoint:0">
									<Name>GTFS Stop Type for use on Scheduled Stop Point</Name>
								</TypeOfPoint>
								<TypeOfPoint version="any" id="gtfs:TypeOfPoint:1">
									<Name>GTFS Station Type for use on Scheduled Stop Point </Name>
								</TypeOfPoint>
							</values>
						</ValueSet>
					</typesOfValue>
				</ResourceFrame>
				<ServiceFrame version="any" id="mygtfsxm:ServiceFrame:DTA">
					<!--- =====SCHEDULED STOP POINT======== -->
					<scheduledStopPoints>
						<ScheduledStopPoint version="any" id="mygtfsxm:ScheduledStopPoint:FUR_CREEK_RES">
							<Name>Furnace Creek Resort (Demo)</Name>
							<Location>
								<Longitude>-117.133162</Longitude>
								<Latitude>36.425288</Latitude>
							</Location>
							<types>
								<TypeOfPointRef version="any" ref="gtfs:TypeOfPoint:0"/>
							</types>
							<tariffZones>
								<TariffZoneRef version="any" ref="mygtfsxm:TariffZone:FareZone01"/>
							</tariffZones>
							<PublicCode>121</PublicCode>
							<Url>http://www.demoagency.org</Url>
							<StopType>onstreetBus</StopType>
						</ScheduledStopPoint>
						<ScheduledStopPoint version="any" id="mygtfsxm:ScheduledStopPoint:BEATTY_AIRPORT">
							<Name>Nye County Airport (Demo)</Name>
							<Location>
								<Longitude>-116.784582</Longitude>
								<Latitude>36.868446</Latitude>
							</Location>
							<types>
								<TypeOfPointRef version="any" ref="gtfs:TypeOfPoint:0"/>
							</types>
							<tariffZones>
								<TariffZoneRef version="any" ref="mygtfsxm:TariffZone:FareZone01"/>
							</tariffZones>
							<!-- Stops.txt  -(google stop_code (google valuue) -->
							<PublicCode>122</PublicCode>
							<Url>http://www.demoagency.org</Url>
							<StopType>onstreetBus</StopType>
						</ScheduledStopPoint>
						<ScheduledStopPoint version="any" id="mygtfsxm:ScheduledStopPoint:BULLFROG">
							<Name>Bullfrog (Demo)</Name>
							<Location>
								<Longitude>-116.81797</Longitude>
								<Latitude>36.88108</Latitude>
							</Location>
							<types>
								<TypeOfPointRef version="any" ref="gtfs:TypeOfPoint:0"/>
							</types>
							<tariffZones>
								<TariffZoneRef version="any" ref="mygtfsxm:TariffZone:FareZone01"/>
							</tariffZones>
							<PublicCode>123</PublicCode>
							<Url>http://www.demoagency.org</Url>
							<StopType>onstreetBus</StopType>
						</ScheduledStopPoint>
						<ScheduledStopPoint version="any" id="mygtfsxm:ScheduledStopPoint:STAGECOACH">
							<Name>Stagecoach Hotel &amp; Casino (Demo)</Name>
							<Location>
								<Longitude>-116.751677</Longitude>
								<Latitude>36.915682</Latitude>
							</Location>
							<!-- Stops.txt.Location_type -(google value) -->
							<types>
								<TypeOfPointRef version="any" ref="gtfs:TypeOfPoint:0"/>
							</types>
							<tariffZones>
								<TariffZoneRef version="any" ref="mygtfsxm:TariffZone:FareZone01"/>
							</tariffZones>
							<PublicCode>124</PublicCode>
							<Url>http://www.demoagency.org</Url>
							<StopType>onstreetBus</StopType>
						</ScheduledStopPoint>
						<ScheduledStopPoint version="any" id="mygtfsxm:ScheduledStopPoint:NADAV">
							<Name>North Ave / D Ave N (Demo)</Name>
							<Location>
								<Longitude>-116.76821</Longitude>
								<Latitude>36.914893</Latitude>
							</Location>
							<types>
								<TypeOfPointRef version="any" ref="gtfs:TypeOfPoint:0"/>
							</types>
							<tariffZones>
								<TariffZoneRef version="any" ref="mygtfsxm:TariffZone:FareZone02"/>
							</tariffZones>
							<PublicCode>125</PublicCode>
							<Url>http://www.demoagency.org</Url>
							<StopType>onstreetBus</StopType>
						</ScheduledStopPoint>
						<ScheduledStopPoint version="any" id="mygtfsxm:ScheduledStopPoint:NANAA">
							<Name>North Ave / N A Ave (Demo)</Name>
							<Location>
								<Longitude>-116.761472</Longitude>
								<Latitude>36.914944</Latitude>
							</Location>
							<types>
								<TypeOfPointRef version="any" ref="gtfs:TypeOfPoint:0"/>
							</types>
							<tariffZones>
								<TariffZoneRef version="any" ref="mygtfsxm:TariffZone:FareZone02"/>
							</tariffZones>
							<PublicCode>126</PublicCode>
							<Url>http://www.demoagency.org</Url>
							<StopType>onstreetBus</StopType>
						</ScheduledStopPoint>
						<ScheduledStopPoint version="any" id="mygtfsxm:ScheduledStopPoint:DADAN">
							<Name>Doing Ave / D Ave N (Demo)</Name>
							<Location>
								<Longitude>-116.768242</Longitude>
								<Latitude>36.909489</Latitude>
							</Location>
							<types>
								<TypeOfPointRef version="any" ref="gtfs:TypeOfPoint:0"/>
							</types>
							<tariffZones>
								<TariffZoneRef version="any" ref="mygtfsxm:TariffZone:FareZone02"/>
							</tariffZones>
							<PublicCode>127</PublicCode>
							<Url>http://www.demoagency.org</Url>
							<StopType>onstreetBus</StopType>
						</ScheduledStopPoint>
						<ScheduledStopPoint version="any" id="mygtfsxm:ScheduledStopPoint:EMSI">
							<Name>E Main St / S Irving St (Demo)</Name>
							<Location>
								<Longitude>-116.76218</Longitude>
								<Latitude>36.905697</Latitude>
							</Location>
							<types>
								<TypeOfPointRef version="any" ref="gtfs:TypeOfPoint:0"/>
							</types>
							<tariffZones>
								<TariffZoneRef version="any" ref="mygtfsxm:TariffZone:FareZone02"/>
							</tariffZones>
							<PublicCode>129</PublicCode>
							<Url>http://www.demoagency.org</Url>
						</ScheduledStopPoint>
						<ScheduledStopPoint version="any" id="mygtfsxm:ScheduledStopPoint:AMV">
							<Name>Amargosa Valley (Demo)</Name>
							<Location>
								<Longitude>-116.40094</Longitude>
								<Latitude>36.641496</Latitude>
							</Location>
							<types>
								<TypeOfPointRef version="any" ref="gtfs:TypeOfPoint:0"/>
							</types>
							<tariffZones>
								<TariffZoneRef version="any" ref="mygtfsxm:TariffZone:FareZone02"/>
							</tariffZones>
							<PublicCode>131</PublicCode>
							<Url>http://www.demoagency.org</Url>
							<StopType>onstreetBus</StopType>
						</ScheduledStopPoint>
					</scheduledStopPoints>
					<!--- ===Stops.txt==TARIFF ZONE======== -->
					<tariffZones>
						<TariffZone version="any" id="mygtfsxm:TariffZone:FareZone01">
							<Name>Fare Zone 01</Name>
							<members>
								<ScheduledStopPointRef version="any" ref="mygtfsxm:ScheduledStopPoint:FUR_CREEK_RES"/>
								<ScheduledStopPointRef version="any" ref="mygtfsxm:ScheduledStopPoint:BEATTY_AIRPORT"/>
								<ScheduledStopPointRef version="any" ref="mygtfsxm:ScheduledStopPoint:BULLFROG"/>
								<ScheduledStopPointRef version="any" ref="mygtfsxm:ScheduledStopPoint:STAGECOACH"/>
							</members>
						</TariffZone>
						<TariffZone version="any" id="mygtfsxm:TariffZone:FareZone02">
							<Name>Fare Zone 02</Name>
							<members>
								<ScheduledStopPointRef version="any" ref="mygtfsxm:ScheduledStopPoint:NADAV"/>
								<ScheduledStopPointRef version="any" ref="mygtfsxm:ScheduledStopPoint:NANAA"/>
								<ScheduledStopPointRef version="any" ref="mygtfsxm:ScheduledStopPoint:DADAN"/>
								<ScheduledStopPointRef version="any" ref="mygtfsxm:ScheduledStopPoint:EMSI"/>
								<ScheduledStopPointRef version="any" ref="mygtfsxm:ScheduledStopPoint:AMV"/>
							</members>
						</TariffZone>
					</tariffZones>
				</ServiceFrame>
				<SiteFrame version="any" id="mygtfsxm:SiteFrame:DTA">
					<stopPlaces>
						<!--- =====STOP PLACEs ========= -->
						<StopPlace version="any" id="mygtfsxm:StopPlace:FUR_CREEK_RES">
							<!-- Stops.txt.stop_id  -->
							<!-- Stops.txt.stop_name  -->
							<Name>Furnace Creek Resort (Demo)</Name>
							<!-- Stops.txt.stop_description  -->
							<Description>[Description goes here]</Description>
							<Centroid>
								<Location>
									<!-- Stops.txt.stop_lat  -->
									<Longitude>-117.133162</Longitude>
									<!-- Stops.txt.stop_lon -->
									<Latitude>36.425288</Latitude>
								</Location>
							</Centroid>
							<!-- Stops.txt.Location_type -(google value) -->
							<placeTypes>
								<TypeOfPlaceRef version="any" ref="gtfs:TypeOfPlace:0"/>
							</placeTypes>
							<!-- Stops.txt.stop_url -->
							<Url>http://www.demoagency.org</Url>
							<!-- Stops.txt  -(google stop_code (google valuue) -->
							<PublicCode>121</PublicCode>
							<!-- Stops.txt.parent_station -->
							<!-- Can be derived from Location_type if MODE known -->
							<StopPlaceType>onstreetBus</StopPlaceType>
						</StopPlace>
						<StopPlace version="any" id="mygtfsxm:StopPlace:BEATTY_AIRPORT">
							<Name>Nye County Airport (Demo)</Name>
							<Centroid>
								<Location>
									<Longitude>-116.784582</Longitude>
									<Latitude>36.868446</Latitude>
								</Location>
							</Centroid>
							<placeTypes>
								<TypeOfPlaceRef version="any" ref="gtfs:TypeOfPlace:0"/>
							</placeTypes>
							<Url>http://www.demoagency.org</Url>
							<PublicCode>122</PublicCode>
							<StopPlaceType>onstreetBus</StopPlaceType>
						</StopPlace>
						<StopPlace version="any" id="mygtfsxm:StopPlace:BULLFROG">
							<Name>Bullfrog (Demo)</Name>
							<Centroid>
								<Location>
									<Longitude>-116.81797</Longitude>
									<Latitude>36.88108</Latitude>
								</Location>
							</Centroid>
							<placeTypes>
								<TypeOfPlaceRef version="any" ref="gtfs:TypeOfPlace:0"/>
							</placeTypes>
							<Url>http://www.demoagency.org</Url>
							<PublicCode>123</PublicCode>
							<StopPlaceType>onstreetBus</StopPlaceType>
						</StopPlace>
						<StopPlace version="any" id="mygtfsxm:StopPlace:STAGECOACH">
							<Name>Stagecoach Hotel &amp; Casino (Demo)</Name>
							<Centroid>
								<Location>
									<Longitude>-116.751677</Longitude>
									<Latitude>36.915682</Latitude>
								</Location>
							</Centroid>
							<placeTypes>
								<TypeOfPlaceRef version="any" ref="gtfs:TypeOfPlace:0"/>
							</placeTypes>
							<Url>http://www.demoagency.org</Url>
							<PublicCode>124</PublicCode>
							<StopPlaceType>onstreetBus</StopPlaceType>
						</StopPlace>
						<StopPlace version="any" id="mygtfsxm:StopPlace:NADAV">
							<Name>North Ave / D Ave N (Demo)</Name>
							<Centroid>
								<Location>
									<Longitude>-116.76821</Longitude>
									<Latitude>36.914893</Latitude>
								</Location>
							</Centroid>
							<placeTypes>
								<TypeOfPlaceRef version="any" ref="gtfs:TypeOfPlace:0"/>
							</placeTypes>
							<Url>http://www.demoagency.org</Url>
							<PublicCode>125</PublicCode>
							<StopPlaceType>onstreetBus</StopPlaceType>
						</StopPlace>
						<StopPlace version="any" id="mygtfsxm:StopPlace:NANAA">
							<Name>North Ave / N A Ave (Demo)</Name>
							<Centroid>
								<Location>
									<Longitude>-116.761472</Longitude>
									<Latitude>36.914944</Latitude>
								</Location>
							</Centroid>
							<placeTypes>
								<TypeOfPlaceRef version="any" ref="gtfs:TypeOfPlace:0"/>
							</placeTypes>
							<Url>http://www.demoagency.org</Url>
							<PublicCode>126</PublicCode>
							<StopPlaceType>onstreetBus</StopPlaceType>
						</StopPlace>
						<StopPlace version="any" id="mygtfsxm:StopPlace:DADAN">
							<Name>Doing Ave / D Ave N (Demo)</Name>
							<Centroid>
								<Location>
									<Longitude>-116.768242</Longitude>
									<Latitude>36.909489</Latitude>
								</Location>
							</Centroid>
							<placeTypes>
								<TypeOfPlaceRef version="any" ref="gtfs:TypeOfPlace:0"/>
							</placeTypes>
							<Url>http://www.demoagency.org</Url>
							<PublicCode>127</PublicCode>
							<StopPlaceType>onstreetBus</StopPlaceType>
						</StopPlace>
						<StopPlace version="any" id="mygtfsxm:StopPlace:EMSI">
							<Name>E Main St / S Irving St (Demo)</Name>
							<Centroid>
								<Location>
									<Longitude>-116.76218</Longitude>
									<Latitude>36.905697</Latitude>
								</Location>
							</Centroid>
							<placeTypes>
								<TypeOfPlaceRef version="any" ref="gtfs:TypeOfPlace:0"/>
							</placeTypes>
							<Url>http://www.demoagency.org</Url>
							<PublicCode>129</PublicCode>
							<StopPlaceType>onstreetBus</StopPlaceType>
						</StopPlace>
						<StopPlace version="any" id="mygtfsxm:StopPlace:AMV">
							<Name>Amargosa Valley (Demo)</Name>
							<Centroid>
								<Location>
									<Longitude>-116.40094</Longitude>
									<Latitude>36.641496</Latitude>
								</Location>
							</Centroid>
							<placeTypes>
								<TypeOfPlaceRef version="any" ref="gtfs:TypeOfPlace:0"/>
							</placeTypes>
							<Url>http://www.demoagency.org</Url>
							<PublicCode>131</PublicCode>
							<StopPlaceType>onstreetBus</StopPlaceType>
						</StopPlace>
					</stopPlaces>
				</SiteFrame>
			</frames>
		</CompositeFrame>
	</dataObjects>
</PublicationDelivery>
