<?xml version="1.0" encoding="iso-8859-1"?>
<!-- ==== SImple Network Example ====== 
This Example provides an example of mapping of a GTFS FareRule.txt file to NeTEx

The data comes from the sample-feed.zip available at   http://code.google.com/transit/spec/transit_feed_specification.html

September 2011  

1. DATA
    It comprises a simple route based flat fare fare

fare_rules.txt�
	fare_id,route_id,origin_id,destination_id,contains_id
	p,AB,,,
	p,STBA,,,
	p,BFC,,,
	a,AAMV,,,


2. MAPPING
Mapping is complex depending on fare structure.   

A GTFS FareRule maps variously  to a NeTEx FARE PRODUCT + TARIFF +  DISTANCE MATRIX ELEMENT +  FARE STRUCTURE ELEMENT +  VALIDITY PARAMETER  ASSIGNMENT ,  		referencing  a GROUP OF LINEs and /or AUTHORITY to limit the scope
	

Where FARE PRODUCT may be
			PREASSIGNED FARE PRODUCT or 

2.1 For a Flat Fare (as in this file)

GTFS					NeTEx
fare_id,					<FareProduct> @id 
							|	<PreassignedFareProduct> 
route_id,				<FareProduct> <validityParameterAssignments>
									<GenericParameterAssignment> <GroupOfLinesRef > 
									<GenericParameterAssignment> <AuthorityRef >
origin_id,				- 
destination_id,		- 
contains_id	,		-  

2.2 For a Point to Point  or Zone to Zone  Fare 

GTFS					NeTEx
fare_id,					<FareProduct> @id  
route_id,				<FareProduct> <validityParameterAssignments>
									<GenericParameterAssignment> <GroupOfLinesRef >
origin_id,				<Tariff> <distanceMatrixElements><DistanceMatrixElement> <StartTariffZoneRef>
							| <Tariff> <distanceMatrixElements><DistanceMatrixElement> <StartScheduledStopPointRef>
destination_id,		<Tariff> <distanceMatrixElements><DistanceMatrixElement> <EndTariffZoneRef>
							 <Tariff> <distanceMatrixElements><DistanceMatrixElement> <EndScheduledStopPointRef>
contains_id	
							 

2.3 For a Zone Sequence Fare

GTFS					NeTEx
fare_id,					<FareProduct> @id  
route_id,				<FareProduct> <validityParameterAssignments>
									<GenericParameterAssignment> <GroupOfLinesRef >
origin_id,				<DistanceMatrixElement> <StartTariffZoneRef>
destination_id,		<DistanceMatrixElement> <EndTariffZoneRef>
contains_id	,		<Tariff><fareStructureElements>
								<FareStructureElement><fareStructureElementsInSequence>
									<FareStructureElementInSequence><GenericParameterAssignment> <TariffZoneRef > 



GTFS Data copyright Google Inc

 NeTEx (C) CEN Copyright 2010, 2011
-->
<PublicationDelivery version="1.0" xsi:schemaLocation="http://www.netex.org.uk/netex ../../../xsd/NeTEx_publication.xsd" xmlns="http://www.netex.org.uk/netex" xmlns:xsi="http://www.w3.org/2001/XMLSchema-instance">
	<PublicationTimestamp>2001-12-17T09:30:47.0Z</PublicationTimestamp>
	<ParticipantRef>SYS001</ParticipantRef>
	<!--- ======WHAT WAS REQUESTED ========== -->
	<PublicationRefreshInterval>P3M</PublicationRefreshInterval>
	<Description>Example of GTFS Agency  data</Description>
	<!--- =============== RESULTS =========== -->
	<dataObjects>
		<!--- ==============SERVICE FRAME =========== -->
		<ServiceFrame version="any" id="mygtfsxm:ServiceFrame:DTA">
			<!--- ======= CODESPACEs======== -->
			<codespaces>
				<Codespace id="mygtfsxm">
					<Xmlns>mygtfsxm</Xmlns>
					<XmlnsUrl>http://www.demoagency.com/</XmlnsUrl>
					<Description>Demo AGency</Description>
				</Codespace>
			</codespaces>
			<!--- =======FRAME DEFAULTS======== -->
			<FrameDefaults>
				<DefaultCodespaceRef ref="mygtfsxm"/>
			</FrameDefaults>
			<lines>
				<!--- ==== LINEs ======== -->
				<Line version="any" id="mygtfsxm:Line:AB">
					<Name>Route AB</Name>
				</Line>
				<Line version="any" id="mygtfsxm:Line:STBA">
					<Name>Route STBA</Name>
				</Line>
				<Line version="any" id="mygtfsxm:Line:BFC">
					<Name>Route BFC</Name>
				</Line>
				<Line version="any" id="mygtfsxm:Line:AAMV">
					<Name>Route AAMV</Name>
				</Line>
			</lines>
			<groupsOfLines>
				<!--- === GROUPs OF LINEs ========= -->
				<GroupOfLines version="any" id="mygtfsxm:GroupOfLines:p">
					<Name>Express routes</Name>
					<members>
						<LineRef version="any" ref="mygtfsxm:Line:AB"/>
						<LineRef version="any" ref="mygtfsxm:Line:STBA"/>
						<LineRef version="any" ref="mygtfsxm:Line:BFC"/>
					</members>
				</GroupOfLines>
				<GroupOfLines version="any" id="mygtfsxm:GroupOfLines:a">
					<Name>Express routes</Name>
					<members>
						<LineRef version="any" ref="mygtfsxm:Line:AAMV"/>
					</members>
				</GroupOfLines>
			</groupsOfLines>
		</ServiceFrame>
		<!--- =============== FAREs =========== -->
		<FareFrame version="any" id="mygtfsxm:FareFrame:DTA">
			<!--- ======= CODESPACEs======== -->
			<codespaces>
				<CodespaceRef ref="mygtfsxm"/>
			</codespaces>
			<!--- =======FRAME DEFAULTS======== -->
			<FrameDefaults>
				<DefaultCodespaceRef ref="mygtfsxm"/>
			</FrameDefaults>
			<!--- ====VALIDABLE ELEMENTs====== -->
			<validableElements>
				<ValidableElement version="any" id="mygtfsxm:ValidableElement:busTrip">
					<Name>A Bus Trip</Name>
					<validityParameterAssignments>
						<GenericParameterAssignment version="any" order="1"  id="mygtfsxm:GenericParameterAssignment:busTrip">
							<validityParameters>
								<VehicleModes>bus</VehicleModes>
							</validityParameters>
						</GenericParameterAssignment>
					</validityParameterAssignments>
				</ValidableElement>
			</validableElements>
			<!--- ====Fare Product======= -->
			<fareProducts>
				<PreassignedFareProduct version="any" id="mygtfsxm:PreassignedFareProduct:p">
					<validityParameterAssignments>
						<GenericParameterAssignment version="any" order="1"  id="mygtfsxm:GenericParameterAssignment:access@p">
							<validityParameters>
								<GroupOfLinesRef version="any" ref="mygtfsxm:GroupOfLines:p"> </GroupOfLinesRef>
							</validityParameters>
						</GenericParameterAssignment>
					</validityParameterAssignments>
					<accessRightsInProduct>
						<AccessRightInProduct version="any" id="mygtfsxm:AccessRightInProduct:p" order="1">
							<ValidableElementRef version="any" ref="mygtfsxm:ValidableElement:busTrip"/>
						</AccessRightInProduct>
					</accessRightsInProduct>
				</PreassignedFareProduct>
				<PreassignedFareProduct version="any" id="mygtfsxm:PreassignedFareProduct:a">
					<validityParameterAssignments>
						<GenericParameterAssignment version="any" order="1"  id="mygtfsxm:GenericParameterAssignment:a">
							<validityParameters>
								<GroupOfLinesRef version="any" ref="mygtfsxm:GroupOfLines:a"> </GroupOfLinesRef>
							</validityParameters>
						</GenericParameterAssignment>
					</validityParameterAssignments>
				</PreassignedFareProduct>
			</fareProducts>
		</FareFrame>
	</dataObjects>
</PublicationDelivery>
