<?xml version="1.0" encoding="iso-8859-1"?>
<!-- ==== SImple Network Example ====== 
This Example provides an example of mapping of a GTFS FareRule.txt file to NeTEx 
http://code.google.com/p/googletransitdatafeed/wiki/FareExamples

September 2011  
================

Example 5: Buying a transfer increases the fare

Suppose Demo Transit Agency has the following fare structure: 

  * riders pay $1.75 on boarding local buses 

  * riders can pay an extra $0.25 on boarding to purchase a transfer 
  * transfers purchased are valid for 90 minutes 

Since these rules apply to all trips, Demo Transit can omit fare_rules.txt. 
fare_attributes.txt

fare_id  price  currency_type  payment_method  transfers  transfer_duration  
simple_fare  1.75  USD  0  0   
plustransfer_fare  2.00  USD  0   5400  

Calculating an adult fare 

Technically, both fares apply on itinerary that has no transfers. However, the trip planner always chooses the least expensive applicable fare: 

  * For an itinerary with one transfer, simple_fare is $3.50 vs. $2.00 when a transfer is purchased. So the trip planner will report $2.00 fare on all itineraries that require a change of vehicle. 

 * For an itinerary with no transfers, $1.75 fare is less than plustransfer_fare of $2.00. So if an itinerary doesn't require a change of vehicle, the fare is $1.75. 

2. MAPPING
Mapping is complex depending on fare structure. 
We also include further detail about the nature of the access rights  and validation.
In this example

A GTFS FareRule maps to a NeTEx FARE PRODUCT + VALIDITY PARAMETER  ASSIGNMENT 
		using  n AUTHORITY
There are two products, one for a simpel ride, one for a transfer add on.  

 And FARE   PRICEmaps  be a FARE PRODUCT PRICE  

For a Flat Fare (as in this file)

2.1 Fare Rules 

GTFS					NeTEx
fare_id,					<PreassignedFareProduct> @id  
route_id,				<PreassignedFareProduct> <validityParameterAssignments>
									<ValidityParameterAssignment> <AuthorityRef >
origin_id,				- 
destination_id,		- 
contains_id	,		-
 
2.2 Fare Attributes

  There are separate Product and transfer prices

GTFS						NeTEx
fare_id,						<PreassignedFareProduct> @id  
price,						<PreassignedFareProduct>	<prices> <FareProductPrice><Amount>
								<PreassignedFareProduct>	<prices><UsageParameterPrice> <Amount>
currency_type,			<PreassignedFareProduct> 	<prices><FareProductPrice><Currency>
payment_method,		<PreassignedFareProduct> <ChargingMoment> 
					0 =Pay on Boarding </Name> 
					1 = Fare must be paid before boarding 
transfers,					<PreassignedFareProduct> <ValidityParameterAssignment>
										<UsageValidityPeriod><MaximumNumberOfChanges>
										<FrequencyOfUse><FrequencyOfUseType>unlimited | none | single
										<ValidityParameterAssignment><UsageValidityPeriod>endofDay | endOfRide |etc
transfer_duration		<PreassignedFareProduct> <ValidityParameterAssignment><UsageValidityPeriod><StandardDuration>



GTFS Data copyright Google Inc

 NeTEx (C) CEN Copyright 2010, 2011
-->
<PublicationDelivery version="1.0" xsi:schemaLocation="http://www.netex.org.uk/netex ../../../xsd/NeTEx_publication.xsd" xmlns="http://www.netex.org.uk/netex" xmlns:xsi="http://www.w3.org/2001/XMLSchema-instance" xmlns:gtfs="http://www.google.com/transit/gtfs" xmlns:mygtfsxm="http://www.demoagency.com/">
	<PublicationTimestamp>2001-12-17T09:30:47.0Z</PublicationTimestamp>
	<ParticipantRef>SYS001</ParticipantRef>
	<!--- ======WHAT WAS REQUESTED ========== -->
	<PublicationRefreshInterval>P3M</PublicationRefreshInterval>
	<Description>Example 5 of GTFS Agency Fare  data</Description>
	<!--- =============== RESULTS =========== -->
	<dataObjects>
		<CompositeFrame version="1" id="mygtfsxm:CompositeFrame:DTA">
			<TypeOfFrameRef ref="gtfs:TypeOFrame:GTFS"/>
			<!--- ======= CODESPACEs======== -->
			<codespaces>
				<Codespace id="mygtfsxm">
					<Xmlns>mygtfsxm</Xmlns>
					<XmlnsUrl>http://www.demoagency.com/</XmlnsUrl>
					<Description>Demo AGency</Description>
				</Codespace>
			</codespaces>
			<!--- =======FRAME DEFAULTS======== -->
			<FrameDefaults>
				<DefaultCodespaceRef ref="mygtfsxm"/>
				<DefaultCurrency>USD</DefaultCurrency>
			</FrameDefaults>
			<frames>
				<ResourceFrame version="any" id="mygtfsxm:ResourceFrame:DTA">
					<organisations>
						<!--- =====Agency========= -->
						<Authority version="any" id="mygtfsxm:Authority:DTA">
							<Name>Demo Transit Authority</Name>
							<ContactDetails>
								<Url>http://code.google.com/p/googletransitdatafeed/wiki/FareExamples</Url>
							</ContactDetails>
						</Authority>
					</organisations>
				</ResourceFrame>
				<!--- =============== FAREs =========== -->
				<FareFrame version="any" id="mygtfsxm:FareFrame:DTA">
					<validityConditions>
						<ValidBetween>
							<FromDate>2011-12-30T00:00:00Z</FromDate>
						</ValidBetween>
					</validityConditions>
					<!--- ====Fare USAGE PARAMETERS======= -->
					<usageParameters>
						<UsageValidityPeriod version="any" id="mygtfsxm:UsageValidityPeriod:endOfRide">
							<UsageEnd>endOfRide</UsageEnd>
						</UsageValidityPeriod>
						<UsageValidityPeriod version="any" id="mygtfsxm:UsageValidityPeriod:90minutes">
							<UsageEnd>endOfRide</UsageEnd>
							<StandardDuration>PT90M</StandardDuration>
						</UsageValidityPeriod>
						<FrequencyOfUse version="any" id="mygtfsxm:FrequencyOfUse:oneTrip">
							<Name>Single rider</Name>
							<FrequencyOfUseType>single</FrequencyOfUseType>
							<MinimalFrequency>1</MinimalFrequency>
							<MaximalFrequency>1</MaximalFrequency>
						</FrequencyOfUse>
						<Interchanging version="any" id="mygtfsxm:Interchanging:noTransfer">
							<Name>No  transfer faid for</Name>
							<FromMode>bus</FromMode>
							<ToMode>bus</ToMode>
							<MaximumNumberOfInterchanges>0</MaximumNumberOfInterchanges>
						</Interchanging>
						<EntitlementRequired version="any" id="mygtfsxm:EntitlementRequired:firstRide">
							<Name>Must first buy ride</Name>
							<PreassignedFareProductRef version="any" ref="mygtfsxm:PreassignedFareProduct:firstRide"/>
						</EntitlementRequired>
						<EntitlementGiven version="any" id="mygtfsxm:EntitlementGiven:transfer">
							<Name>can buytransfer</Name>
							<PreassignedFareProductRef version="any" ref="mygtfsxm:PreassignedFareProduct:transfer"/>
						</EntitlementGiven>
						<Interchanging version="any" id="mygtfsxm:Interchanging:canTransfer">
							<Name>Extra 25 c fee for a transfer</Name>
				
							<MaximumNumberOfInterchanges>1</MaximumNumberOfInterchanges>
							<MaximumTimeToMakeATransfer>PT90M</MaximumTimeToMakeATransfer>
						</Interchanging>
					</usageParameters>
					<!--- ====Fare Product======= -->
					<fareProducts>
						<PreassignedFareProduct version="any" id="mygtfsxm:PreassignedFareProduct:firstRide">
							<Name>Single flat fare to ride on the DTA,  no transfer</Name>
							<ChargingMomentRef version="any" ref="gtfs:ChargingMoment:0"/>
							<validityParameterAssignments>
								<GenericParameterAssignment version="any" order="1"  id="mygtfsxm:GenericParameterAssignment:firstRide">
									<Name>No  transfers </Name>
									<limitations>
										<FrequencyOfUseRef version="any" ref="mygtfsxm:FrequencyOfUse:oneTrip"/>
										<InterchangingRef version="any" ref="mygtfsxm:Interchanging:noTransfer"/>
										<UsageValidityPeriodRef version="any" ref="mygtfsxm:UsageValidityPeriod:90minutes"/>
										<EntitlementGivenRef version="any" ref="mygtfsxm:EntitlementGiven:transfer"/>
									</limitations>
								</GenericParameterAssignment>
							</validityParameterAssignments>
							<!--- ====VALIDABLE ELEMENTs====== -->
							<validableElements>
								<ValidableElement version="any" id="mygtfsxm:ValidableElement:ride">
									<Name>first ride</Name>
									<validityParameterAssignments>
										<GenericParameterAssignment version="any" order="1"  id="mygtfsxm:GenericParameterAssignment:ride">
											<validityParameters>
												<VehicleModes>bus</VehicleModes>
												<AuthorityRef version="any" ref="mygtfsxm:Authority:DTA"/>
											</validityParameters>
										</GenericParameterAssignment>
									</validityParameterAssignments>
								</ValidableElement>
							</validableElements>
							<!--- ====ACCESS RIGHTS======= -->
							<accessRightsInProduct>
								<AccessRightInProduct version="any" id="mygtfsxm:AccessRightInProduct:firstRide" order="1">
									<Name>First ride</Name>
									<IsFirstInSequence>true</IsFirstInSequence>
									<ValidableElementRef version="any" ref="mygtfsxm:ValidableElement:ride"/>
								</AccessRightInProduct>
							</accessRightsInProduct>
							<!--- ====PRODUCT PRICEs====== -->
							<prices>
								<FareProductPriceRef version="any" ref="mygtfsxm:FareProductPrice:firstRide"/>
							</prices>
						</PreassignedFareProduct>
						<PreassignedFareProduct version="any" id="mygtfsxm:PreassignedFareProduct:transfer">
							<Name>Addon to transfer </Name>
							<ChargingMomentRef version="any" ref="gtfs:ChargingMoment:0"/>
							<validityParameterAssignments>
								<GenericParameterAssignment version="any" order="1"  id="mygtfsxm:GenericParameterAssignment:transfer">
									<Name>Can  transfer  </Name>
									<limitations>
										<FrequencyOfUseRef version="any" ref="mygtfsxm:FrequencyOfUse:oneTrip"/>
										<InterchangingRef version="any" ref="mygtfsxm:Interchanging:canTransfer"/>
										<UsageValidityPeriodRef version="any" ref="mygtfsxm:UsageValidityPeriod:90minutes"/>
										<EntitlementRequiredRef version="any" ref="mygtfsxm:EntitlementRequired:firstRide"/>
									</limitations>
								</GenericParameterAssignment>
							</validityParameterAssignments>
							<!--- ====ACCESS RIGHTS======= -->
							<accessRightsInProduct>
								<AccessRightInProduct version="any" id="mygtfsxm:AccessRightInProduct:transferRide" order="2">
									<Name>transfer ride</Name>
									<IsFirstInSequence>false</IsFirstInSequence>
									<IsLastInSequence>true</IsLastInSequence>
									<ValidableElementRef version="any" ref="mygtfsxm:ValidableElement:ride"/>
								</AccessRightInProduct>
							</accessRightsInProduct>
							<!--- ====PRODUCT PRICEs====== -->
							<prices>
								<FareProductPriceRef version="any" ref="mygtfsxm:FareProductPrice:transfer"/>
							</prices>
						</PreassignedFareProduct>
					</fareProducts>
					<priceGroups>
						<PriceGroup version="any" id="mygtfsxm:PriceGroup:DTA">
							<members>
								<FareProductPrice version="any" id="mygtfsxm:FareProductPrice:firstRide">
									<Amount>1.75</Amount>
									<Currency>USD</Currency>
									<PreassignedFareProductRef version="any" ref="mygtfsxm:PreassignedFareProduct:firstRide"/>
								</FareProductPrice>
								<FareProductPrice version="any" id="mygtfsxm:FareProductPrice:transfer">
									<Amount>0.25</Amount>
									<Currency>USD</Currency>
									<PreassignedFareProductRef version="any" ref="mygtfsxm:PreassignedFareProduct:transfer"/>
								</FareProductPrice>
							</members>
						</PriceGroup>
					</priceGroups>
				</FareFrame>
			</frames>
		</CompositeFrame>
		<!--- =====RESOURCEs======== -->
		<ResourceFrame version="any" id="gtfs:ResourceFrame:GTFS">
			<Name>Built-in GTFS Code Values</Name>
			<!--- ======= CODESPACEs======== -->
			<codespaces>
				<Codespace id="gtfs">
					<Xmlns>gtfs</Xmlns>
					<XmlnsUrl>http://www.google.com/transit/gtfs</XmlnsUrl>
					<Description>GTFS code values</Description>
				</Codespace>
			</codespaces>
			<!--- =======FRAME DEFAULTS======== -->
			<FrameDefaults>
				<DefaultCodespaceRef ref="gtfs"/>
			</FrameDefaults>
			<typesOfValue>
				<ValueSet version="1.5" id="gtfs:ValueSet:ChargingMoment">
					<Name>GTFS Built in  Charging Methods: FareAttribute@payment_method</Name>
					<values>
						<!--- ====Charging method========= -->
						<ChargingMoment version="any" id="gtfs:ChargingMoment:0">
							<Name>Pay on Boarding</Name>
						</ChargingMoment>
						<ChargingMoment version="any" id="gtfs:ChargingMoment:1">
							<Name>Fare must be paid before boarding</Name>
						</ChargingMoment>
					</values>
				</ValueSet>
			</typesOfValue>
		</ResourceFrame>
	</dataObjects>
</PublicationDelivery>
